name,n_trials,roles,agency_class,rules_sha256
"RAPT Therapeutics, Inc., a member of the GSK plc group of companies",4,lead,INDUSTRY,3e13bc5926f6f8bc5025151c60ea7dc8f40a5f7b8d7a209026ba29472e70601c
"VisDura, Inc.",3,lead,INDUSTRY,3e13bc5926f6f8bc5025151c60ea7dc8f40a5f7b8d7a209026ba29472e70601c
Aeglea Biotherapeutics,2,collaborator,INDUSTRY,3e13bc5926f6f8bc5025151c60ea7dc8f40a5f7b8d7a209026ba29472e70601c
"Averitas Pharma, Inc.",1,lead,INDUSTRY,3e13bc5926f6f8bc5025151c60ea7dc8f40a5f7b8d7a209026ba29472e70601c
BeOne Medicines,1,lead,INDUSTRY,3e13bc5926f6f8bc5025151c60ea7dc8f40a5f7b8d7a209026ba29472e70601c
Cell Therapy & Regenerative Medicine,1,collaborator,UNKNOWN,3e13bc5926f6f8bc5025151c60ea7dc8f40a5f7b8d7a209026ba29472e70601c
CellCentric Ltd.,1,lead,INDUSTRY,3e13bc5926f6f8bc5025151c60ea7dc8f40a5f7b8d7a209026ba29472e70601c
General Hospital Prim. dr. Abdulah Nakaš,1,collaborator,OTHER,3e13bc5926f6f8bc5025151c60ea7dc8f40a5f7b8d7a209026ba29472e70601c
Institut et Haute Ecole de la Santé la Source,1,lead,OTHER,3e13bc5926f6f8bc5025151c60ea7dc8f40a5f7b8d7a209026ba29472e70601c
"Management and Development for Health (MDH), Tanzania",1,collaborator,UNKNOWN,3e13bc5926f6f8bc5025151c60ea7dc8f40a5f7b8d7a209026ba29472e70601c
"Ministry of Health, Tanzania",1,collaborator,OTHER_GOV,3e13bc5926f6f8bc5025151c60ea7dc8f40a5f7b8d7a209026ba29472e70601c
"Mucommune, LLC.",1,collaborator,INDUSTRY,3e13bc5926f6f8bc5025151c60ea7dc8f40a5f7b8d7a209026ba29472e70601c
Myelin Repair Foundation,1,collaborator,UNKNOWN,3e13bc5926f6f8bc5025151c60ea7dc8f40a5f7b8d7a209026ba29472e70601c
"Pelage Pharmaceuticals, Inc.",1,lead,INDUSTRY,3e13bc5926f6f8bc5025151c60ea7dc8f40a5f7b8d7a209026ba29472e70601c
Rasello,1,collaborator,INDUSTRY,3e13bc5926f6f8bc5025151c60ea7dc8f40a5f7b8d7a209026ba29472e70601c
Sirnaomics,1,lead,INDUSTRY,3e13bc5926f6f8bc5025151c60ea7dc8f40a5f7b8d7a209026ba29472e70601c
Stephanie Wang Zuo,1,lead,OTHER,3e13bc5926f6f8bc5025151c60ea7dc8f40a5f7b8d7a209026ba29472e70601c
"Stephen Bagley, MD, MSCE",1,lead,OTHER,3e13bc5926f6f8bc5025151c60ea7dc8f40a5f7b8d7a209026ba29472e70601c
"Tvardi Therapeutics, Incorporated",1,lead,INDUSTRY,3e13bc5926f6f8bc5025151c60ea7dc8f40a5f7b8d7a209026ba29472e70601c
UAB Nutrition Obesity Research Center,1,collaborator,UNKNOWN,3e13bc5926f6f8bc5025151c60ea7dc8f40a5f7b8d7a209026ba29472e70601c
