nct_id,canonical,role,change,literal_before,literal_after,cause,rules_sha256
NCT02342717,Boehringer Ingelheim,lead,added,,Boehringer Ingelheim,registry_edit,3e13bc5926f6f8bc5025151c60ea7dc8f40a5f7b8d7a209026ba29472e70601c
NCT03082534,Merck & Co,collaborator,added,,Merck Sharp & Dohme LLC,registry_edit,3e13bc5926f6f8bc5025151c60ea7dc8f40a5f7b8d7a209026ba29472e70601c
NCT03267732,Eli Lilly and Company,lead,added,,Eli Lilly and Company,registry_edit,3e13bc5926f6f8bc5025151c60ea7dc8f40a5f7b8d7a209026ba29472e70601c
NCT03896945,"Otsuka Pharmaceutical Development & Commercialization, Inc.",lead,added,,"Otsuka Pharmaceutical Development & Commercialization, Inc.",registry_edit,3e13bc5926f6f8bc5025151c60ea7dc8f40a5f7b8d7a209026ba29472e70601c
NCT04072952,Pfizer,collaborator,added,,Pfizer,registry_edit,3e13bc5926f6f8bc5025151c60ea7dc8f40a5f7b8d7a209026ba29472e70601c
NCT04334759,AstraZeneca,collaborator,added,,AstraZeneca,registry_edit,3e13bc5926f6f8bc5025151c60ea7dc8f40a5f7b8d7a209026ba29472e70601c
NCT04660344,Hoffmann-La Roche,lead,added,,Hoffmann-La Roche,registry_edit,3e13bc5926f6f8bc5025151c60ea7dc8f40a5f7b8d7a209026ba29472e70601c
NCT04717375,Sanofi,lead,added,,Sanofi,registry_edit,3e13bc5926f6f8bc5025151c60ea7dc8f40a5f7b8d7a209026ba29472e70601c
NCT04899336,"Janssen Research & Development, LLC",lead,added,,"Janssen Research & Development, LLC",registry_edit,3e13bc5926f6f8bc5025151c60ea7dc8f40a5f7b8d7a209026ba29472e70601c
NCT05007106,Merck & Co,lead,added,,Merck Sharp & Dohme LLC,registry_edit,3e13bc5926f6f8bc5025151c60ea7dc8f40a5f7b8d7a209026ba29472e70601c
NCT05110196,Novartis Pharmaceuticals,lead,added,,Novartis Pharmaceuticals,registry_edit,3e13bc5926f6f8bc5025151c60ea7dc8f40a5f7b8d7a209026ba29472e70601c
NCT05132582,Pfizer,lead,added,,"Seagen, a wholly owned subsidiary of Pfizer",registry_edit,3e13bc5926f6f8bc5025151c60ea7dc8f40a5f7b8d7a209026ba29472e70601c
NCT05353166,Regeneron Pharmaceuticals,lead,added,,Regeneron Pharmaceuticals,registry_edit,3e13bc5926f6f8bc5025151c60ea7dc8f40a5f7b8d7a209026ba29472e70601c
NCT05514509,ViiV Healthcare,lead,added,,ViiV Healthcare,registry_edit,3e13bc5926f6f8bc5025151c60ea7dc8f40a5f7b8d7a209026ba29472e70601c
NCT05617820,Teva Pharmaceuticals USA,lead,added,,Teva Pharmaceuticals USA,registry_edit,3e13bc5926f6f8bc5025151c60ea7dc8f40a5f7b8d7a209026ba29472e70601c
NCT05755035,Takeda,lead,added,,Takeda,registry_edit,3e13bc5926f6f8bc5025151c60ea7dc8f40a5f7b8d7a209026ba29472e70601c
NCT06055075,Hoffmann-La Roche,lead,added,,Hoffmann-La Roche,registry_edit,3e13bc5926f6f8bc5025151c60ea7dc8f40a5f7b8d7a209026ba29472e70601c
NCT06109311,Eli Lilly and Company,lead,added,,Eli Lilly and Company,registry_edit,3e13bc5926f6f8bc5025151c60ea7dc8f40a5f7b8d7a209026ba29472e70601c
NCT06156696,Astellas Pharma Inc,lead,added,,Astellas Pharma Inc,registry_edit,3e13bc5926f6f8bc5025151c60ea7dc8f40a5f7b8d7a209026ba29472e70601c
NCT06206837,Pfizer,lead,added,,Pfizer,registry_edit,3e13bc5926f6f8bc5025151c60ea7dc8f40a5f7b8d7a209026ba29472e70601c
NCT06370715,Eli Lilly and Company,lead,added,,Eli Lilly and Company,registry_edit,3e13bc5926f6f8bc5025151c60ea7dc8f40a5f7b8d7a209026ba29472e70601c
