NCT_ID,Tier,PMID,DOI,Title_Citation,CC_License,Decision,PDF_Downloaded,Local_PDF_Path
NCT06199934,Tier 1 - CT.gov Reference,40818804,Unknown,"Andersen KM, McColgan MD, Mateus JS, Yu T, Zhou A, Puzniak L, Lopez SMC. BNT162b2 XBB.1.5-Adapted Single Dose Vaccine Uptake and Effectiveness in Children Aged 5-17 Years Using Linked Claims and Vaccine Registries in California and Louisiana. J Pediatr. 2025 Nov;286:114778. doi: 10.1016/j.jpeds.2025.114778. Epub 2025 Aug 14.",cc by-nc-nd,Auto-Approved,False,Not Found
NCT06199934,Tier 1 - CT.gov Reference,39987879,Unknown,"Andersen KM, Allen KE, Nepal RM, Mateus JS, Yu T, Zhou A, Porter TM, Lopez SMC, Puzniak L, McLaughlin JM, McGrath LJ. Effectiveness of BNT162b2 XBB.1.5 vaccine in immunocompetent adults using tokenization in two U.S. states. Vaccine. 2025 Apr 11;52:126881. doi: 10.1016/j.vaccine.2025.126881. Epub 2025 Feb 22.",cc by-nc-nd,Auto-Approved,False,Not Found
NCT03948698,Tier 1 - CT.gov Reference,38315700,Unknown,"Lemaire JF, Cohn J, Kakayeva S, Tchounga B, Ekouevi PF, Ilunga VK, Ochieng Yara D, Lanje S, Bhamu Y, Haule L, Namubiru M, Nyamundaya T, Berset M, de Souza M, Machekano R, Casenghi M; CaP-TB Study team. Improving TB detection among children in routine clinical care through intensified case finding in facility-based child health entry points and decentralized management: A before-and-after study in Nine Sub-Saharan African Countries. PLOS Glob Public Health. 2024 Feb 5;4(2):e0002865. doi: 10.1371/journal.pgph.0002865. eCollection 2024.",cc by,Auto-Approved,True,Data/Clinical Trials Manuscripts/2026-04-17_NCT03948698_01_Tier1.pdf
NCT03948698,Tier 1 - CT.gov Reference,37672524,Unknown,"Mafirakureva N, Mukherjee S, de Souza M, Kelly-Cirino C, Songane MJP, Cohn J, Lemaire JF, Casenghi M, Dodd PJ. Cost-effectiveness analysis of interventions to improve diagnosis and preventive therapy for paediatric tuberculosis in 9 sub-Saharan African countries: A modelling study. PLoS Med. 2023 Sep 6;20(9):e1004285. doi: 10.1371/journal.pmed.1004285. eCollection 2023 Sep.",cc by,Auto-Approved,True,Data/Clinical Trials Manuscripts/2026-04-17_NCT03948698_02_Tier1.pdf
NCT04951310,Tier 2 - ML Approx (Score: 5),41876183,10.3760/cma.j.cn112338-20250703-00460,[Early warning technology for infectious disease outbreaks in primary and secondary school students based on integrating hospital visit data and monitoring data of school absence due to illness: an effectiveness analysis].,Copyright,Auto-Approved,False,Not Found
NCT04951310,Tier 2 - ML Approx (Score: 5),41539272,10.1016/j.epidem.2026.100886,Social contact patterns derived from an epidemiological survey and GPS-based co-location data - A systematic comparison using parallel data collections during the COVID-19 pandemic in Germany.,cc by,Auto-Approved,False,Not Found
NCT04951310,Tier 2 - ML Approx (Score: 5),41809642,10.1016/j.ijregi.2026.100863,Artificial intelligence for Africa: bridge or barrier for infectious disease control?,cc by-nc-nd,Auto-Approved,True,Data/Clinical Trials Manuscripts/2026-04-17_NCT04951310_04_Tier2.pdf
NCT05858450,Tier 2 - ML Approx (Score: 5),41894526,10.2196/83281,Trends and Core Competence Shifts in Nurses' Infectious Disease Emergency Response Competence Across COVID-19 Pandemic Phases: Repeated Cross-Sectional Survey and Network Analysis.,cc by,Auto-Approved,False,Not Found
NCT05858450,Tier 2 - ML Approx (Score: 5),41985345,10.1016/j.jenvman.2026.129581,Assessing the potential impact of environmental land management schemes on emergent infectious disease risks.,Copyright,Auto-Approved,False,Not Found
NCT06053541,Tier 2 - ML Approx (Score: 5),41961444,10.1007/s40121-026-01312-9,"Burden of Respiratory Syncytial Virus in Older ADults in Nagasaki, Japan (Nagasaki ROAD): Preliminary Results (April 2024-March 2025) of a Prospective, Multicenter, Epidemiological Study.",Copyright,Auto-Approved,False,Not Found
NCT06053541,Tier 2 - ML Approx (Score: 5),41947127,10.1186/s12938-026-01562-1,A randomised controlled study of the efficacy of Internet of Things-based telerespiratory rehabilitation for chronic respiratory diseases.,Copyright,Auto-Approved,False,Not Found
NCT06053541,Tier 2 - ML Approx (Score: 5),41932814,10.1136/bmjresp-2025-003571,Associations between respiratory diseases and lung cancer risk: a secondary analysis of the large-scale prospective UK biobank cohort.,cc by-nc,Auto-Approved,True,Data/Clinical Trials Manuscripts/2026-04-17_NCT06053541_03_Tier2.pdf
NCT06053541,Tier 2 - ML Approx (Score: 5),41988394,10.1002/hsr2.71925,The Effects of Corrective Exercises and Respiratory Biofeedback on the Kyphosis Angle and Electrical Activity of Trapezius Muscles in Male Adolescents With Kyphosis: A Randomized Controlled Trial.,Copyright,Auto-Approved,False,Not Found
NCT04053075,Tier 1 - CT.gov Reference,38815164,Unknown,"Baker MA, Septimus E, Kleinman K, Moody J, Sands KE, Varma N, Isaacs A, McLean LE, Coady MH, Blanchard EJ, Poland RE, Yokoe DS, Stelling J, Haffenreffer K, Clark A, Avery TR, Sljivo S, Weinstein RA, Smith KN, Carver B, Meador B, Lin MY, Lewis SS, Washington C, Bhattarai M, Shimelman L, Kulldorff M, Reddy SC, Jernigan JA, Perlin JB, Platt R, Huang SS. A Trial of Automated Outbreak Detection to Reduce Hospital Pathogen Spread. NEJM Evid. 2024 May;3(5):EVIDoa2300342. doi: 10.1056/EVIDoa2300342. Epub 2024 Apr 23.",Copyright,Auto-Approved,False,Not Found
NCT03694392,Tier 1 - CT.gov Reference,39512761,Unknown,"Hsiao A, Yee A, Izikson R, Fireman B, Hansen J, Lewis N, Gandhi-Banga S, Selmani A, Talanova O, Kabler H, Inamdar A, Klein NP. Safety of quadrivalent recombinant influenza vaccine in pregnant persons and their infants. AJOG Glob Rep. 2024 Sep 20;4(4):100395. doi: 10.1016/j.xagr.2024.100395. eCollection 2024 Nov.",cc by-nc-nd,Auto-Approved,True,Data/Clinical Trials Manuscripts/2026-04-17_NCT03694392_01_Tier1.pdf
NCT03694392,Tier 1 - CT.gov Reference,38091531,Unknown,"Hsiao A, Yee A, Fireman B, Hansen J, Lewis N, Klein NP. Recombinant or Standard-Dose Influenza Vaccine in Adults under 65 Years of Age. N Engl J Med. 2023 Dec 14;389(24):2245-2255. doi: 10.1056/NEJMoa2302099.",Copyright,Auto-Approved,False,Not Found
NCT03694392,Tier 1 - CT.gov Reference,34998605,Unknown,"Hsiao A, Hansen J, Nunley KV, Lewis N, Selmani A, Inamdar A, Mallett-Moore T, Izikson R, Rudin D, Klein NP. Safety of recombinant quadrivalent influenza vaccine compared to inactivated influenza vaccine in Chinese adults: An observational study. Vaccine. 2022 Jan 31;40(5):774-779. doi: 10.1016/j.vaccine.2021.12.035. Epub 2022 Jan 6.",cc by-nc-nd,Auto-Approved,False,Not Found
NCT02788903,Tier 1 - CT.gov Reference,35680172,Unknown,"Yeh HC, Kraschnewski JL, Kong L, Lehman EB, Heilbrunn ES, Williams P, Poger JM, Francis E, Bryce CL. Hospitalization and mortality in patients with COVID-19 with or at risk of type 2 diabetes: data from five health systems in Pennsylvania and Maryland. BMJ Open Diabetes Res Care. 2022 Jun;10(3):e002774. doi: 10.1136/bmjdrc-2022-002774.",cc by-nc,Auto-Approved,True,Data/Clinical Trials Manuscripts/2026-04-17_NCT02788903_01_Tier1.pdf
NCT05838664,Tier 2 - ML Approx (Score: 5),41950162,10.1371/journal.pone.0344620,Cumulative excess weight exposure over time and cardiovascular risk: A prospective cohort study.,cc by,Auto-Approved,True,Data/Clinical Trials Manuscripts/2026-04-17_NCT05838664_05_Tier2.pdf
NCT05873751,Tier 2 - ML Approx (Score: 5),41894526,10.2196/83281,Trends and Core Competence Shifts in Nurses' Infectious Disease Emergency Response Competence Across COVID-19 Pandemic Phases: Repeated Cross-Sectional Survey and Network Analysis.,cc by,Auto-Approved,False,Not Found
NCT05873751,Tier 2 - ML Approx (Score: 5),41985345,10.1016/j.jenvman.2026.129581,Assessing the potential impact of environmental land management schemes on emergent infectious disease risks.,Copyright,Auto-Approved,False,Not Found
NCT05020145,Tier 2 - ML Approx (Score: 5),41894526,10.2196/83281,Trends and Core Competence Shifts in Nurses' Infectious Disease Emergency Response Competence Across COVID-19 Pandemic Phases: Repeated Cross-Sectional Survey and Network Analysis.,cc by,Auto-Approved,False,Not Found
NCT05020145,Tier 2 - ML Approx (Score: 5),41985345,10.1016/j.jenvman.2026.129581,Assessing the potential impact of environmental land management schemes on emergent infectious disease risks.,Copyright,Auto-Approved,False,Not Found
NCT01653405,Tier 1 - CT.gov Reference,27349472,Unknown,"Rose AJ, McCullough MB. A Practical Guide to Using the Positive Deviance Method in Health Services Research. Health Serv Res. 2017 Jun;52(3):1207-1222. doi: 10.1111/1475-6773.12524. Epub 2016 Jun 28.",Copyright,Auto-Approved,False,Not Found
NCT01653405,Tier 1 - CT.gov Reference,28367699,Unknown,"Rose AJ, Park A, Gillespie C, Van Deusen Lukas C, Ozonoff A, Petrakis BA, Reisman JI, Borzecki AM, Benedict AJ, Lukesh WN, Schmoke TJ, Jones EA, Morreale AP, Ourth HL, Schlosser JE, Mayo-Smith MF, Allen AL, Witt DM, Helfrich CD, McCullough MB. Results of a Regional Effort to Improve Warfarin Management. Ann Pharmacother. 2017 May;51(5):373-379. doi: 10.1177/1060028016681030. Epub 2016 Dec 17.",Copyright,Auto-Approved,False,Not Found
NCT03818659,Tier 1 - CT.gov Reference,36695297,Unknown,"Fontil V, Modrow MF, Cooper-DeHoff RM, Wozniak G, Rakotz M, Todd J, Azar K, Murakami L, Sanders M, Chamberlain AM, O'Brien E, Lee A, Carton T, Pletcher MJ. Improvement in Blood Pressure Control in Safety Net Clinics Receiving 2 Versions of a Scalable Quality Improvement Intervention: BP MAP A Pragmatic Cluster Randomized Trial. J Am Heart Assoc. 2023 Feb 7;12(3):e024975. doi: 10.1161/JAHA.121.024975. Epub 2023 Jan 25.",cc by-nc-nd,Auto-Approved,True,Data/Clinical Trials Manuscripts/2026-04-17_NCT03818659_01_Tier1.pdf
NCT04903496,Tier 2 - ML Approx (Score: 5),41680689,10.1186/s12889-026-26596-x,Current status of public education on endocrine and metabolic diseases carried out by academic journals' WeChat official accounts: a retrospective study.,cc by-nc-nd,Auto-Approved,True,Data/Clinical Trials Manuscripts/2026-04-17_NCT04903496_02_Tier2.pdf
NCT04903496,Tier 2 - ML Approx (Score: 5),41966075,10.1515/jpem-2025-0587,Endocrine and metabolic features of &lt;i&gt;PTEN&lt;/i&gt; hamartoma tumor syndrome in childhood: a pediatric case series.,Copyright,Auto-Approved,False,Not Found
NCT04903496,Tier 2 - ML Approx (Score: 5),41636640,10.1093/ejendo/lvag010,Endocrine and metabolic late effects in childhood cancer survivors in Germany: the VersKiK study.,cc by,Auto-Approved,False,Not Found
NCT06033521,Tier 2 - ML Approx (Score: 5),41773204,10.1002/hsr2.71921,Evaluating the Impact of Reproductive and Sexual Health Education on Knowledge and Attitudes of Couples in Premarital Counseling Classes: A Quasi-Experimental Study.,cc by,Auto-Approved,True,Data/Clinical Trials Manuscripts/2026-04-17_NCT06033521_01_Tier2.pdf
NCT04224987,Tier 1 - CT.gov Reference,29694816,Unknown,"Keenan JD, Bailey RL, West SK, Arzika AM, Hart J, Weaver J, Kalua K, Mrango Z, Ray KJ, Cook C, Lebas E, O'Brien KS, Emerson PM, Porco TC, Lietman TM; MORDOR Study Group. Azithromycin to Reduce Childhood Mortality in Sub-Saharan Africa. N Engl J Med. 2018 Apr 26;378(17):1583-1592. doi: 10.1056/NEJMoa1715474.",cc by,Auto-Approved,True,Data/Clinical Trials Manuscripts/2026-04-17_NCT04224987_01_Tier1.pdf
NCT04224987,Tier 1 - CT.gov Reference,31167060,Unknown,"Doan T, Arzika AM, Hinterwirth A, Maliki R, Zhong L, Cummings S, Sarkar S, Chen C, Porco TC, Keenan JD, Lietman TM; MORDOR Study Group. Macrolide Resistance in MORDOR I - A Cluster-Randomized Trial in Niger. N Engl J Med. 2019 Jun 6;380(23):2271-2273. doi: 10.1056/NEJMc1901535. No abstract available.",cc by,Auto-Approved,True,Data/Clinical Trials Manuscripts/2026-04-17_NCT04224987_02_Tier1.pdf
NCT04224987,Tier 1 - CT.gov Reference,31167050,Unknown,"Keenan JD, Arzika AM, Maliki R, Boubacar N, Elh Adamou S, Moussa Ali M, Cook C, Lebas E, Lin Y, Ray KJ, O'Brien KS, Doan T, Oldenburg CE, Callahan EK, Emerson PM, Porco TC, Lietman TM. Longer-Term Assessment of Azithromycin for Reducing Childhood Mortality in Africa. N Engl J Med. 2019 Jun 6;380(23):2207-2214. doi: 10.1056/NEJMoa1817213.",cc by,Auto-Approved,True,Data/Clinical Trials Manuscripts/2026-04-17_NCT04224987_03_Tier1.pdf
NCT04224987,Tier 1 - CT.gov Reference,32924384,Unknown,WHO Guideline on Mass Drug Administration of Azithromycin to Children under Five Years of Age to Promote Child Survival [Internet]. Geneva: World Health Organization; 2020. No abstract available. Available from http://www.ncbi.nlm.nih.gov/books/NBK561641/,Copyright,Auto-Approved,False,Not Found
NCT04224987,Tier 1 - CT.gov Reference,32067626,Unknown,"Oldenburg CE, Arzika AM, Maliki R, Lin Y, O'Brien KS, Keenan JD, Lietman TM, For The Mordor Study Group. Optimizing the Number of Child Deaths Averted with Mass Azithromycin Distribution. Am J Trop Med Hyg. 2020 Sep;103(3):1308-1310. doi: 10.4269/ajtmh.19-0328.",cc by,Auto-Approved,True,Data/Clinical Trials Manuscripts/2026-04-17_NCT04224987_05_Tier1.pdf
NCT04224987,Tier 1 - CT.gov Reference,41845058,Unknown,"Doan T, Yan D, Arzika AM, Abdou A, Maliki R, Aichatou B, Bello IM, Beidi D, Galo N, Harouna N, Karamba AM, Mahamadou S, Abarchi M, Ibrahim A, Zhong L, Chen C, Liu Y, Yu D, Abraham T, Cheng AS, Peterson B, Oldenburg CE, Porco TC, Arnold BF, Hinterwirth A, Lebas E, O'Brien KS, Lietman TM. Mass azithromycin distribution and antibiotic resistance in the gut and nasopharynx: a cluster-randomized trial. Nat Med. 2026 Mar 17. doi: 10.1038/s41591-026-04217-9. Online ahead of print.",cc by,Auto-Approved,True,Data/Clinical Trials Manuscripts/2026-04-17_NCT04224987_06_Tier1.pdf
NCT04224987,Tier 1 - CT.gov Reference,40638118,Unknown,"Arzika AM, Amza A, Maliki R, Aichatou B, Bello IM, Beidi D, Galo N, Harouna N, Karamba AM, Mahamadou S, Abarchi M, Ibrahim A, Brandt C, Lebas E, Peterson B, Liu Z, Oldenburg CE, Doan T, Porco TC, Arnold BF, Lietman TM, O'Brien KS. Spillover of Azithromycin Mass Drug Administration and Child Survival: A Secondary Analysis of a Cluster-Randomized Clinical Trial. JAMA Netw Open. 2025 Jul 1;8(7):e2519693. doi: 10.1001/jamanetworkopen.2025.19693.",cc by,Auto-Approved,True,Data/Clinical Trials Manuscripts/2026-04-17_NCT04224987_07_Tier1.pdf
NCT04224987,Tier 1 - CT.gov Reference,40147984,Unknown,"Peterson B, Arzika A, Maliki R, Abdou A, Aichatou B, Bello IM, Beidi D, Galo N, Harouna N, Karamba AM, Mahamadou S, Abarchi M, Ibrahim A, Lebas E, Liu Z, Brandt C, Colby E, Oldenburg CE, Porco TC, Arnold B, Lietman TM, O'Brien KS. Mass distribution of azithromycin and child mortality among underweight infants in rural Niger: a subgroup analysis of the AVENIR cluster-randomised trial. BMJ Open. 2025 Mar 27;15(3):e097916. doi: 10.1136/bmjopen-2024-097916.",cc by,Auto-Approved,True,Data/Clinical Trials Manuscripts/2026-04-17_NCT04224987_08_Tier1.pdf
NCT04224987,Tier 1 - CT.gov Reference,39167806,Unknown,"O'Brien KS, Arzika AM, Amza A, Maliki R, Aichatou B, Bello IM, Beidi D, Galo N, Harouna N, Karamba AM, Mahamadou S, Abarchi M, Ibrahim A, Lebas E, Peterson B, Liu Z, Le V, Colby E, Doan T, Keenan JD, Oldenburg CE, Porco TC, Arnold BF, Lietman TM; AVENIR study group. Azithromycin to Reduce Mortality - An Adaptive Cluster-Randomized Trial. N Engl J Med. 2024 Aug 22;391(8):699-709. doi: 10.1056/NEJMoa2312093.",Copyright,Auto-Approved,False,Not Found
NCT04224987,Tier 1 - CT.gov Reference,33926403,Unknown,"O'Brien KS, Arzika AM, Amza A, Maliki R, Ousmane S, Kadri B, Nassirou B, Mankara AK, Harouna AN, Colby E, Lebas E, Liu Z, Le V, Nguyen W, Keenan JD, Oldenburg CE, Porco TC, Doan T, Arnold BF, Lietman TM; AVENIR Study Group. Age-based targeting of biannual azithromycin distribution for child survival in Niger: an adaptive cluster-randomized trial protocol (AVENIR). BMC Public Health. 2021 Apr 29;21(1):822. doi: 10.1186/s12889-021-10824-7.",cc by,Auto-Approved,True,Data/Clinical Trials Manuscripts/2026-04-17_NCT04224987_10_Tier1.pdf
NCT03000751,Tier 1 - CT.gov Reference,17548853,Unknown,Solberg LI. Improving medical practice: a conceptual framework. Ann Fam Med. 2007 May-Jun;5(3):251-6. doi: 10.1370/afm.666.,Copyright,Auto-Approved,False,Not Found
NCT03000751,Tier 1 - CT.gov Reference,18539980,Unknown,"Solberg LI, Asche SE, Margolis KL, Whitebird RR. Measuring an organization's ability to manage change: the change process capability questionnaire and its use for improving depression care. Am J Med Qual. 2008 May-Jun;23(3):193-200. doi: 10.1177/1062860608314942.",Copyright,Auto-Approved,False,Not Found
NCT03000751,Tier 1 - CT.gov Reference,21626359,Unknown,"Schindera ST, Treier R, von Allmen G, Nauer C, Trueb PR, Vock P, Szucs-Farkas Z. An education and training programme for radiological institutes: impact on the reduction of the CT radiation dose. Eur Radiol. 2011 Oct;21(10):2039-45. doi: 10.1007/s00330-011-2168-5. Epub 2011 May 31.",Copyright,Auto-Approved,False,Not Found
NCT03000751,Tier 1 - CT.gov Reference,24589407,Unknown,"Keegan J, Miglioretti DL, Gould R, Donnelly LF, Wilson ND, Smith-Bindman R. Radiation dose metrics in CT: assessing dose using the National Quality Forum CT patient safety measure. J Am Coll Radiol. 2014 Mar;11(3):309-15. doi: 10.1016/j.jacr.2013.10.009.",Copyright,Auto-Approved,False,Not Found
NCT03000751,Tier 1 - CT.gov Reference,24589406,Unknown,"Miglioretti DL, Zhang Y, Johnson E, Lee C, Morin RL, Vanneman N, Smith-Bindman R. Personalized technologist dose audit feedback for reducing patient radiation exposure from CT. J Am Coll Radiol. 2014 Mar;11(3):300-8. doi: 10.1016/j.jacr.2013.10.017.",Copyright,Auto-Approved,False,Not Found
NCT03000751,Tier 1 - CT.gov Reference,22681860,Unknown,"Pearce MS, Salotti JA, Little MP, McHugh K, Lee C, Kim KP, Howe NL, Ronckers CM, Rajaraman P, Sir Craft AW, Parker L, Berrington de Gonzalez A. Radiation exposure from CT scans in childhood and subsequent risk of leukaemia and brain tumours: a retrospective cohort study. Lancet. 2012 Aug 4;380(9840):499-505. doi: 10.1016/S0140-6736(12)60815-0. Epub 2012 Jun 7.",cc by,Auto-Approved,False,Download Failed
NCT03000751,Tier 1 - CT.gov Reference,23694687,Unknown,"Mathews JD, Forsythe AV, Brady Z, Butler MW, Goergen SK, Byrnes GB, Giles GG, Wallace AB, Anderson PR, Guiver TA, McGale P, Cain TM, Dowty JG, Bickerstaffe AC, Darby SC. Cancer risk in 680,000 people exposed to computed tomography scans in childhood or adolescence: data linkage study of 11 million Australians. BMJ. 2013 May 21;346:f2360. doi: 10.1136/bmj.f2360.",cc by-nc,Auto-Approved,False,Not Found
NCT03000751,Tier 1 - CT.gov Reference,15681686,Unknown,"Bhargavan M, Sunshine JH. Utilization of radiology services in the United States: levels and trends in modalities, regions, and populations. Radiology. 2005 Mar;234(3):824-32. doi: 10.1148/radiol.2343031536. Epub 2005 Jan 28.",Copyright,Auto-Approved,False,Not Found
NCT03000751,Tier 1 - CT.gov Reference,18997204,Unknown,"Smith-Bindman R, Miglioretti DL, Larson EB. Rising use of diagnostic medical imaging in a large integrated health system. Health Aff (Millwood). 2008 Nov-Dec;27(6):1491-502. doi: 10.1377/hlthaff.27.6.1491.",Copyright,Auto-Approved,False,Not Found
NCT03000751,Tier 1 - CT.gov Reference,18997202,Unknown,"Baker LC, Atlas SW, Afendulis CC. Expanded use of imaging technology and the challenge of measuring value. Health Aff (Millwood). 2008 Nov-Dec;27(6):1467-78. doi: 10.1377/hlthaff.27.6.1467.",Copyright,Auto-Approved,False,Not Found
NCT03000751,Tier 1 - CT.gov Reference,21178027,Unknown,"Levin DC, Rao VM, Parker L, Frangos AJ, Sunshine JH. Bending the curve: the recent marked slowdown in growth of noninvasive diagnostic imaging. AJR Am J Roentgenol. 2011 Jan;196(1):W25-9. doi: 10.2214/AJR.10.4835.",Copyright,Auto-Approved,False,Not Found
NCT03000751,Tier 1 - CT.gov Reference,22692172,Unknown,"Smith-Bindman R, Miglioretti DL, Johnson E, Lee C, Feigelson HS, Flynn M, Greenlee RT, Kruger RL, Hornbrook MC, Roblin D, Solberg LI, Vanneman N, Weinmann S, Williams AE. Use of diagnostic imaging studies and associated radiation exposure for patients enrolled in large integrated health care systems, 1996-2010. JAMA. 2012 Jun 13;307(22):2400-9. doi: 10.1001/jama.2012.5960.",Copyright,Auto-Approved,False,Not Found
NCT03000751,Tier 1 - CT.gov Reference,18566177,Unknown,"Mettler FA Jr, Huda W, Yoshizumi TT, Mahesh M. Effective doses in radiology and diagnostic nuclear medicine: a catalog. Radiology. 2008 Jul;248(1):254-63. doi: 10.1148/radiol.2481071451.",Copyright,Auto-Approved,False,Not Found
NCT03000751,Tier 1 - CT.gov Reference,10931690,Unknown,"Pierce DA, Preston DL. Radiation-related cancer risks at low doses among atomic bomb survivors. Radiat Res. 2000 Aug;154(2):178-86. doi: 10.1667/0033-7587(2000)154[0178:rrcral]2.0.co;2.",Copyright,Auto-Approved,False,Not Found
NCT03000751,Tier 1 - CT.gov Reference,17722996,Unknown,"Preston DL, Ron E, Tokuoka S, Funamoto S, Nishi N, Soda M, Mabuchi K, Kodama K. Solid cancer incidence in atomic bomb survivors: 1958-1998. Radiat Res. 2007 Jul;168(1):1-64. doi: 10.1667/RR0763.1.",Copyright,Auto-Approved,False,Not Found
NCT03000751,Tier 1 - CT.gov Reference,14610281,Unknown,"Brenner DJ, Doll R, Goodhead DT, Hall EJ, Land CE, Little JB, Lubin JH, Preston DL, Preston RJ, Puskin JS, Ron E, Sachs RK, Samet JM, Setlow RB, Zaider M. Cancer risks attributable to low doses of ionizing radiation: assessing what we really know. Proc Natl Acad Sci U S A. 2003 Nov 25;100(24):13761-6. doi: 10.1073/pnas.2235592100. Epub 2003 Nov 10.",Copyright,Auto-Approved,False,Not Found
NCT03000751,Tier 1 - CT.gov Reference,23837174,Unknown,"Boutis K, Cogollo W, Fischer J, Freedman SB, Ben David G, Thomas KE. Parental knowledge of potential cancer risks from exposure to computed tomography. Pediatrics. 2013 Aug;132(2):305-11. doi: 10.1542/peds.2013-0378. Epub 2013 Jul 8.",Copyright,Auto-Approved,False,Not Found
NCT03000751,Tier 1 - CT.gov Reference,20008689,Unknown,"Berrington de Gonzalez A, Mahesh M, Kim KP, Bhargavan M, Lewis R, Mettler F, Land C. Projected cancer risks from computed tomographic scans performed in the United States in 2007. Arch Intern Med. 2009 Dec 14;169(22):2071-7. doi: 10.1001/archinternmed.2009.440.",Copyright,Auto-Approved,False,Not Found
NCT03000751,Tier 1 - CT.gov Reference,15070562,Unknown,"Berrington de Gonzalez A, Darby S. Risk of cancer from diagnostic X-rays: estimates for the UK and 14 other countries. Lancet. 2004 Jan 31;363(9406):345-51. doi: 10.1016/S0140-6736(04)15433-0.",Copyright,Auto-Approved,False,Not Found
NCT03000751,Tier 1 - CT.gov Reference,20008690,Unknown,"Smith-Bindman R, Lipson J, Marcus R, Kim KP, Mahesh M, Gould R, Berrington de Gonzalez A, Miglioretti DL. Radiation dose associated with common computed tomography examinations and the associated lifetime attributable risk of cancer. Arch Intern Med. 2009 Dec 14;169(22):2078-86. doi: 10.1001/archinternmed.2009.427.",Copyright,Auto-Approved,False,Not Found
NCT03000751,Tier 1 - CT.gov Reference,11112829,Unknown,"Rydberg J, Buckwalter KA, Caldemeyer KS, Phillips MD, Conces DJ Jr, Aisen AM, Persohn SA, Kopecky KK. Multisection CT: scanning techniques and clinical applications. Radiographics. 2000 Nov-Dec;20(6):1787-806. doi: 10.1148/radiographics.20.6.g00nv071787.",Copyright,Auto-Approved,False,Not Found
NCT03000751,Tier 1 - CT.gov Reference,19703877,Unknown,Halpern EJ. Triple-rule-out CT angiography for evaluation of acute chest pain and possible acute coronary syndrome. Radiology. 2009 Aug;252(2):332-45. doi: 10.1148/radiol.2522082335.,Copyright,Auto-Approved,False,Not Found
NCT03000751,Tier 1 - CT.gov Reference,20027121,Unknown,"Sommer WH, Schenzle JC, Becker CR, Nikolaou K, Graser A, Michalski G, Neumaier K, Reiser MF, Johnson TR. Saving dose in triple-rule-out computed tomography examination using a high-pitch dual spiral technique. Invest Radiol. 2010 Feb;45(2):64-71. doi: 10.1097/RLI.0b013e3181c15842.",Copyright,Auto-Approved,False,Not Found
NCT03000751,Tier 1 - CT.gov Reference,10954450,Unknown,"Foley WD, Mallisee TA, Hohenwalter MD, Wilson CR, Quiroz FA, Taylor AJ. Multiphase hepatic CT with a multirow detector CT scanner. AJR Am J Roentgenol. 2000 Sep;175(3):679-85. doi: 10.2214/ajr.175.3.1750679.",Copyright,Auto-Approved,False,Not Found
NCT03000751,Tier 1 - CT.gov Reference,11415901,Unknown,"Roberts HC, Roberts TP, Smith WS, Lee TJ, Fischbein NJ, Dillon WP. Multisection dynamic CT perfusion for acute cerebral ischemia: the ""toggling-table"" technique. AJNR Am J Neuroradiol. 2001 Jun-Jul;22(6):1077-80.",Copyright,Auto-Approved,False,Not Found
NCT03000751,Tier 1 - CT.gov Reference,15118110,Unknown,"Hoeffner EG, Case I, Jain R, Gujar SK, Shah GV, Deveikis JP, Carlos RC, Thompson BG, Harrigan MR, Mukherji SK. Cerebral perfusion CT: technique and clinical applications. Radiology. 2004 Jun;231(3):632-44. doi: 10.1148/radiol.2313021488. Epub 2004 Apr 29.",Copyright,Auto-Approved,False,Not Found
NCT03000751,Tier 1 - CT.gov Reference,18372456,Unknown,"Smith AB, Dillon WP, Lau BC, Gould R, Verdun FR, Lopez EB, Wintermark M. Radiation dose reduction strategy for CT protocols: successful implementation in neuroradiology section. Radiology. 2008 May;247(2):499-506. doi: 10.1148/radiol.2472071054. Epub 2008 Mar 27.",Copyright,Auto-Approved,False,Not Found
NCT03000751,Tier 1 - CT.gov Reference,19506177,Unknown,"Caoili EM, Cohan RH, Ellis JH, Dillman J, Schipper MJ, Francis IR. Medical decision making regarding computed tomographic radiation dose and associated risk: the patient's perspective. Arch Intern Med. 2009 Jun 8;169(11):1069-71. doi: 10.1001/archinternmed.2009.139. No abstract available.",Copyright,Auto-Approved,False,Not Found
NCT03000751,Tier 1 - CT.gov Reference,20573919,Unknown,Smith-Bindman R. Is computed tomography safe? N Engl J Med. 2010 Jul 1;363(1):1-4. doi: 10.1056/NEJMp1002530. Epub 2010 Jun 23. No abstract available.,Copyright,Auto-Approved,False,Not Found
NCT03000751,Tier 1 - CT.gov Reference,19509387,Unknown,"Duncan JR, Evens RG. Using information to optimize medical outcomes. JAMA. 2009 Jun 10;301(22):2383-5. doi: 10.1001/jama.2009.827. No abstract available.",Copyright,Auto-Approved,False,Not Found
NCT03000751,Tier 1 - CT.gov Reference,17377025,Unknown,"Poletti PA, Platon A, Rutschmann OT, Schmidlin FR, Iselin CE, Becker CD. Low-dose versus standard-dose CT protocol in patients with clinically suspected renal colic. AJR Am J Roentgenol. 2007 Apr;188(4):927-33. doi: 10.2214/AJR.06.0793.",Copyright,Auto-Approved,False,Not Found
NCT03000751,Tier 1 - CT.gov Reference,17766543,Unknown,"Brody AS, Frush DP, Huda W, Brent RL; American Academy of Pediatrics Section on Radiology. Radiation risk to children from computed tomography. Pediatrics. 2007 Sep;120(3):677-82. doi: 10.1542/peds.2007-1910.",Copyright,Auto-Approved,False,Not Found
NCT03000751,Tier 1 - CT.gov Reference,11560825,Unknown,Wall BF. Diagnostic reference levels--the way forward. Br J Radiol. 2001 Sep;74(885):785-8. doi: 10.1259/bjr.74.885.740785. No abstract available.,Copyright,Auto-Approved,False,Not Found
NCT03000751,Tier 1 - CT.gov Reference,2053748,Unknown,1990 Recommendations of the International Commission on Radiological Protection. Ann ICRP. 1991;21(1-3):1-201. No abstract available.,Copyright,Auto-Approved,False,Not Found
NCT03000751,Tier 1 - CT.gov Reference,8911634,Unknown,Radiological protection and safety in medicine. A report of the International Commission on Radiological Protection. Ann ICRP. 1996;26(2):1-47. No abstract available.,Copyright,Auto-Approved,False,Not Found
NCT03000751,Tier 1 - CT.gov Reference,16709686,Unknown,"Seeram E, Brennan PC. Diagnostic reference levels in radiology. Radiol Technol. 2006 May-Jun;77(5):373-84; quiz 385-7. No abstract available.",Copyright,Auto-Approved,False,Not Found
NCT03000751,Tier 1 - CT.gov Reference,17467608,Unknown,"Amis ES Jr, Butler PF, Applegate KE, Birnbaum SB, Brateman LF, Hevezi JM, Mettler FA, Morin RL, Pentecost MJ, Smith GG, Strauss KJ, Zeman RK; American College of Radiology. American College of Radiology white paper on radiation dose in medicine. J Am Coll Radiol. 2007 May;4(5):272-84. doi: 10.1016/j.jacr.2007.03.002.",Copyright,Auto-Approved,False,Not Found
NCT03000751,Tier 1 - CT.gov Reference,22688684,Unknown,Smith-Bindman R. Environmental causes of breast cancer and radiation from medical imaging: findings from the Institute of Medicine report. Arch Intern Med. 2012 Jul 9;172(13):1023-7. doi: 10.1001/archinternmed.2012.2329.,Copyright,Auto-Approved,False,Not Found
NCT03000751,Tier 1 - CT.gov Reference,18376454,Unknown,"Catalano C, Francone M, Ascarelli A, Mangia M, Iacucci I, Passariello R. Optimizing radiation dose and image quality. Eur Radiol. 2007 Dec;17 Suppl 6:F26-32. doi: 10.1007/s10406-007-0225-6.",Copyright,Auto-Approved,False,Not Found
NCT03000751,Tier 1 - CT.gov Reference,15031431,Unknown,"Lee CI, Haims AH, Monico EP, Brink JA, Forman HP. Diagnostic CT scans: assessment of patient, physician, and radiologist awareness of radiation dose and possible risks. Radiology. 2004 May;231(2):393-8. doi: 10.1148/radiol.2312030767. Epub 2004 Mar 18.",Copyright,Auto-Approved,False,Not Found
NCT03000751,Tier 1 - CT.gov Reference,19955453,Unknown,"Damschroder LJ, Banaszak-Holl J, Kowalski CP, Forman J, Saint S, Krein SL. The role of the champion in infection prevention: results from a multisite qualitative study. Qual Saf Health Care. 2009 Dec;18(6):434-40. doi: 10.1136/qshc.2009.034199.",Copyright,Auto-Approved,False,Not Found
NCT03000751,Tier 1 - CT.gov Reference,19664226,Unknown,"Damschroder LJ, Aron DC, Keith RE, Kirsh SR, Alexander JA, Lowery JC. Fostering implementation of health services research findings into practice: a consolidated framework for advancing implementation science. Implement Sci. 2009 Aug 7;4:50. doi: 10.1186/1748-5908-4-50.",cc by,Auto-Approved,True,Data/Clinical Trials Manuscripts/2026-04-17_NCT03000751_42_Tier1.pdf
NCT03000751,Tier 1 - CT.gov Reference,19001099,Unknown,"Solberg LI, Asche SE, Margolis KL, Whitebird RR, Trangle MA, Wineman AP. Relationship between the presence of practice systems and the quality of care for depression. Am J Med Qual. 2008 Nov-Dec;23(6):420-6. doi: 10.1177/1062860608324547.",Copyright,Auto-Approved,False,Not Found
NCT03000751,Tier 1 - CT.gov Reference,16945984,Unknown,"Glasgow RE, Klesges LM, Dzewaltowski DA, Estabrooks PA, Vogt TM. Evaluating the impact of health promotion programs: using the RE-AIM framework to form summary measures for decision making involving complex issues. Health Educ Res. 2006 Oct;21(5):688-94. doi: 10.1093/her/cyl081. Epub 2006 Aug 31.",Copyright,Auto-Approved,False,Not Found
NCT03000751,Tier 1 - CT.gov Reference,22494428,Unknown,"Fortney J, Enderle M, McDougall S, Clothier J, Otero J, Altman L, Curran G. Implementation outcomes of evidence-based quality improvement for depression in VA community based outpatient clinics. Implement Sci. 2012 Apr 11;7:30. doi: 10.1186/1748-5908-7-30.",cc by,Auto-Approved,True,Data/Clinical Trials Manuscripts/2026-04-17_NCT03000751_45_Tier1.pdf
NCT03000751,Tier 1 - CT.gov Reference,16492000,Unknown,Glasgow RE. RE-AIMing research for application: ways to improve evidence for family medicine. J Am Board Fam Med. 2006 Jan-Feb;19(1):11-9. doi: 10.3122/jabfm.19.1.11.,Copyright,Auto-Approved,False,Not Found
NCT03000751,Tier 1 - CT.gov Reference,19142904,Unknown,"Cho RC, Chu P, Smith-Bindman R. Second trimester prenatal ultrasound for the detection of pregnancies at increased risk of Trisomy 18 based on serum screening. Prenat Diagn. 2009 Feb;29(2):129-39. doi: 10.1002/pd.2166.",Copyright,Auto-Approved,False,Not Found
NCT03000751,Tier 1 - CT.gov Reference,16211547,Unknown,"Haggstrom DA, Quale C, Smith-Bindman R. Differences in the quality of breast cancer care among vulnerable populations. Cancer. 2005 Dec 1;104(11):2347-58. doi: 10.1002/cncr.21443.",Copyright,Auto-Approved,False,Not Found
NCT03000751,Tier 1 - CT.gov Reference,16829331,Unknown,"Kagay CR, Quale C, Smith-Bindman R. Screening mammography in the American elderly. Am J Prev Med. 2006 Aug;31(2):142-9. doi: 10.1016/j.amepre.2006.03.029.",Copyright,Auto-Approved,False,Not Found
NCT03000751,Tier 1 - CT.gov Reference,15734926,Unknown,"Kerlikowske K, Smith-Bindman R, Abraham LA, Lehman CD, Yankaskas BC, Ballard-Barbash R, Barlow WE, Voeks JH, Geller BM, Carney PA, Sickles EA. Breast cancer yield for screening mammographic examinations with recommendation for short-interval follow-up. Radiology. 2005 Mar;234(3):684-92. doi: 10.1148/radiol.2343031976.",Copyright,Auto-Approved,False,Not Found
NCT03000751,Tier 1 - CT.gov Reference,20823748,Unknown,"Levine D, Brown DL, Andreotti RF, Benacerraf B, Benson CB, Brewster WR, Coleman B, DePriest P, Doubilet PM, Goldstein SR, Hamper UM, Hecht JL, Horrow M, Hur HC, Marnach M, Patel MD, Platt LD, Puscheck E, Smith-Bindman R; Society of Radiologists in Ultrasound. Management of asymptomatic ovarian and other adnexal cysts imaged at US Society of Radiologists in Ultrasound consensus conference statement. Ultrasound Q. 2010 Sep;26(3):121-31. doi: 10.1097/RUQ.0b013e3181f09099.",Copyright,Auto-Approved,False,Not Found
NCT03000751,Tier 1 - CT.gov Reference,18073379,Unknown,"Miglioretti DL, Smith-Bindman R, Abraham L, Brenner RJ, Carney PA, Bowles EJ, Buist DS, Elmore JG. Radiologist characteristics associated with interpretive performance of diagnostic mammography. J Natl Cancer Inst. 2007 Dec 19;99(24):1854-63. doi: 10.1093/jnci/djm238. Epub 2007 Dec 11.",Copyright,Auto-Approved,False,Not Found
NCT03000751,Tier 1 - CT.gov Reference,15914475,Unknown,"Sickles EA, Miglioretti DL, Ballard-Barbash R, Geller BM, Leung JW, Rosenberg RD, Smith-Bindman R, Yankaskas BC. Performance benchmarks for diagnostic mammography. Radiology. 2005 Jun;235(3):775-90. doi: 10.1148/radiol.2353040738.",Copyright,Auto-Approved,False,Not Found
NCT03000751,Tier 1 - CT.gov Reference,15814020,Unknown,"Smith-Bindman R, Ballard-Barbash R, Miglioretti DL, Patnick J, Kerlikowske K. Comparing the performance of mammography screening in the USA and the UK. J Med Screen. 2005;12(1):50-4. doi: 10.1258/0969141053279130.",Copyright,Auto-Approved,False,Not Found
NCT03000751,Tier 1 - CT.gov Reference,14586339,Unknown,"Smith-Bindman R, Chu P, Bacchetti P, Waters JJ, Mutton D, Alberman E. Prenatal screening for Down syndrome in England and Wales and population-based birth outcomes. Am J Obstet Gynecol. 2003 Oct;189(4):980-5. doi: 10.1067/s0002-9378(03)00721-x.",Copyright,Auto-Approved,False,Not Found
NCT03000751,Tier 1 - CT.gov Reference,17367102,Unknown,"Smith-Bindman R, Chu P, Goldberg JD. Second trimester prenatal ultrasound for the detection of pregnancies at increased risk of Down syndrome. Prenat Diagn. 2007 Jun;27(6):535-44. doi: 10.1002/pd.1725.",Copyright,Auto-Approved,False,Not Found
NCT03000751,Tier 1 - CT.gov Reference,15741572,Unknown,"Smith-Bindman R, Chu P, Miglioretti DL, Quale C, Rosenberg RD, Cutter G, Geller B, Bacchetti P, Sickles EA, Kerlikowske K. Physician predictors of mammographic accuracy. J Natl Cancer Inst. 2005 Mar 2;97(5):358-67. doi: 10.1093/jnci/dji060.",Copyright,Auto-Approved,False,Not Found
NCT03000751,Tier 1 - CT.gov Reference,12693618,Unknown,"Smith-Bindman R, Chu PW, Ecker J, Feldstein VA, Filly RA, Bacchetti P. Adverse birth outcomes in relation to prenatal sonographic measurements of fetal size. J Ultrasound Med. 2003 Apr;22(4):347-56; quiz 357-8. doi: 10.7863/jum.2003.22.4.347.",Copyright,Auto-Approved,False,Not Found
NCT03000751,Tier 1 - CT.gov Reference,11930060,Unknown,"Smith-Bindman R, Chu PW, Ecker JL, Feldstein VA, Filly RA, Bacchetti P. US evaluation of fetal growth: prediction of neonatal outcomes. Radiology. 2002 Apr;223(1):153-61. doi: 10.1148/radiol.2231010876.",Copyright,Auto-Approved,False,Not Found
NCT03000751,Tier 1 - CT.gov Reference,11209176,Unknown,"Smith-Bindman R, Hosmer W, Feldstein VA, Deeks JJ, Goldberg JD. Second-trimester ultrasound to detect fetuses with Down syndrome: a meta-analysis. JAMA. 2001 Feb 28;285(8):1044-55. doi: 10.1001/jama.285.8.1044.",Copyright,Auto-Approved,False,Not Found
NCT03000751,Tier 1 - CT.gov Reference,11339190,Unknown,"Smith-Bindman R, Hosmer WD, Caponigro M, Cunningham G. The variability in the interpretation of prenatal diagnostic ultrasound. Ultrasound Obstet Gynecol. 2001 Apr;17(4):326-32. doi: 10.1046/j.1469-0705.2001.00346.x.",Copyright,Auto-Approved,False,Not Found
NCT03000751,Tier 1 - CT.gov Reference,9809732,Unknown,"Smith-Bindman R, Kerlikowske K, Feldstein VA, Subak L, Scheidler J, Segal M, Brand R, Grady D. Endovaginal ultrasound to exclude endometrial cancer and other endometrial abnormalities. JAMA. 1998 Nov 4;280(17):1510-7. doi: 10.1001/jama.280.17.1510.",Copyright,Auto-Approved,False,Not Found
NCT03000751,Tier 1 - CT.gov Reference,11126304,Unknown,"Smith-Bindman R, Kerlikowske K, Gebretsadik T, Newman J. Is screening mammography effective in elderly women? Am J Med. 2000 Feb;108(2):112-9. doi: 10.1016/s0002-9343(99)00406-4.",Copyright,Auto-Approved,False,Not Found
NCT03000751,Tier 1 - CT.gov Reference,20630679,Unknown,"Smith-Bindman R, McCulloch CE, Ding A, Quale C, Chu PW. Diagnostic imaging rates for head injury in the ED and states' medical malpractice tort reforms. Am J Emerg Med. 2011 Jul;29(6):656-64. doi: 10.1016/j.ajem.2010.01.038. Epub 2010 Jul 13.",Copyright,Auto-Approved,False,Not Found
NCT03000751,Tier 1 - CT.gov Reference,15386607,Unknown,"Smith-Bindman R, Weiss E, Feldstein V. How thick is too thick? When endometrial thickness should prompt biopsy in postmenopausal women without vaginal bleeding. Ultrasound Obstet Gynecol. 2004 Oct;24(5):558-65. doi: 10.1002/uog.1704.",Copyright,Auto-Approved,False,Not Found
NCT03000751,Tier 1 - CT.gov Reference,20505066,Unknown,"Stengel JW, Webb EM, Poder L, Yeh BM, Smith-Bindman R, Coakley FV. Acute appendicitis: clinical outcome in patients with an initial false-positive CT diagnosis. Radiology. 2010 Jul;256(1):119-26. doi: 10.1148/radiol.10091229. Epub 2010 May 26.",Copyright,Auto-Approved,False,Not Found
NCT03000751,Tier 1 - CT.gov Reference,19164116,Unknown,"Venkatesan A, Chu P, Kerlikowske K, Sickles EA, Smith-Bindman R. Positive predictive value of specific mammographic findings according to reader and patient variables. Radiology. 2009 Mar;250(3):648-57. doi: 10.1148/radiol.2503080541. Epub 2009 Jan 21.",Copyright,Auto-Approved,False,Not Found
NCT03000751,Tier 1 - CT.gov Reference,11587008,Unknown,"Goldstein RB, Bree RL, Benson CB, Benacerraf BR, Bloss JD, Carlos R, Fleischer AC, Goldstein SR, Hunt RB, Kurman RJ, Kurtz AB, Laing FC, Parsons AK, Smith-Bindman R, Walker J. Evaluation of the woman with postmenopausal bleeding: Society of Radiologists in Ultrasound-Sponsored Consensus Conference statement. J Ultrasound Med. 2001 Oct;20(10):1025-36. doi: 10.7863/jum.2001.20.10.1025.",Copyright,Auto-Approved,False,Not Found
NCT03000751,Tier 1 - CT.gov Reference,22928757,Unknown,"Solberg LI, Vinz C, Trevis JE. A technology solution for the high-tech diagnostic imaging conundrum. Am J Manag Care. 2012 Aug;18(8):421-5.",Copyright,Auto-Approved,False,Not Found
NCT03000751,Tier 1 - CT.gov Reference,22322100,Unknown,"Crain AL, Solberg LI, Unutzer J, Ohnsorg KA, Maciosek MV, Whitebird RR, Beck A, Molitor BA. Designing and implementing research on a statewide quality improvement initiative: the DIAMOND study and initiative. Med Care. 2013 Sep;51(9):e58-66. doi: 10.1097/MLR.0b013e318249d8a4.",Copyright,Auto-Approved,False,Not Found
NCT03000751,Tier 1 - CT.gov Reference,22161436,Unknown,"Boyle R, Solberg L, Fiore M. Use of electronic health records to support smoking cessation. Cochrane Database Syst Rev. 2011 Dec 7;(12):CD008743. doi: 10.1002/14651858.CD008743.pub2.",Copyright,Auto-Approved,False,Not Found
NCT03000751,Tier 1 - CT.gov Reference,21926060,Unknown,"Solberg LI. Care coordination: what is it, what are its effects and can it be sustained? Fam Pract. 2011 Oct;28(5):469-70. doi: 10.1093/fampra/cmr071. No abstract available.",Copyright,Auto-Approved,False,Not Found
NCT03000751,Tier 1 - CT.gov Reference,21160348,Unknown,"Fontaine P, Flottemesch TJ, Solberg LI, Asche SE. Is consistent primary care within a patient-centered medical home related to utilization patterns and costs? J Ambul Care Manage. 2011 Jan-Mar;34(1):10-9. doi: 10.1097/JAC.0b013e3181ff7019.",Copyright,Auto-Approved,False,Not Found
NCT03000751,Tier 1 - CT.gov Reference,20508531,Unknown,"Solberg LI, Glasgow RE, Unutzer J, Jaeckels N, Oftedahl G, Beck A, Maciosek MV, Crain AL. Partnership research: a practical trial design for evaluation of a natural experiment to improve depression care. Med Care. 2010 Jul;48(7):576-82. doi: 10.1097/MLR.0b013e3181dbea62.",Copyright,Auto-Approved,False,Not Found
NCT03000751,Tier 1 - CT.gov Reference,23515301,Unknown,"Whitebird RR, Solberg LI, Margolis KL, Asche SE, Trangle MA, Wineman AP. Barriers to improving primary care of depression: perspectives of medical group leaders. Qual Health Res. 2013 Jun;23(6):805-14. doi: 10.1177/1049732313482399. Epub 2013 Mar 20.",Copyright,Auto-Approved,False,Not Found
NCT03000751,Tier 1 - CT.gov Reference,23070934,Unknown,"Whitebird RR, Kreitzer M, Crain AL, Lewis BA, Hanson LR, Enstad CJ. Mindfulness-based stress reduction for family caregivers: a randomized controlled trial. Gerontologist. 2013 Aug;53(4):676-86. doi: 10.1093/geront/gns126. Epub 2012 Oct 15.",Copyright,Auto-Approved,False,Not Found
NCT03000751,Tier 1 - CT.gov Reference,17927550,Unknown,"Jilcott S, Ammerman A, Sommers J, Glasgow RE. Applying the RE-AIM framework to assess the public health impact of policy change. Ann Behav Med. 2007 Oct;34(2):105-14. doi: 10.1007/BF02872666.",Copyright,Auto-Approved,False,Not Found
NCT03000751,Tier 1 - CT.gov Reference,21601010,Unknown,"Whitebird RR, Kreitzer MJ, Lewis BA, Hanson LR, Crain AL, Enstad CJ, Mehta A. Recruiting and retaining family caregivers to a randomized controlled trial on mindfulness-based stress reduction. Contemp Clin Trials. 2011 Sep;32(5):654-61. doi: 10.1016/j.cct.2011.05.002. Epub 2011 May 12.",Copyright,Auto-Approved,False,Not Found
NCT03000751,Tier 1 - CT.gov Reference,20657669,Unknown,"Whitebird RR, Kreitzer MJ, O'Connor PJ. Mindfulness-Based Stress Reduction and Diabetes. Diabetes Spectr. 2009 Sep 21;22(4):226-230. doi: 10.2337/diaspect.22.4.226. No abstract available.",Copyright,Auto-Approved,False,Not Found
NCT03000751,Tier 1 - CT.gov Reference,23597377,Unknown,"Gaglio B, Shoup JA, Glasgow RE. The RE-AIM framework: a systematic review of use over time. Am J Public Health. 2013 Jun;103(6):e38-46. doi: 10.2105/AJPH.2013.301299. Epub 2013 Apr 18.",Copyright,Auto-Approved,False,Not Found
NCT03000751,Tier 1 - CT.gov Reference,22966066,Unknown,"Boone JM, Hendee WR, McNitt-Gray MF, Seltzer SE. Radiation exposure from CT scans: how to close our knowledge gaps, monitor and safeguard exposure--proceedings and recommendations of the Radiation Dose Summit, sponsored by NIBIB, February 24-25, 2011. Radiology. 2012 Nov;265(2):544-54. doi: 10.1148/radiol.12112201. Epub 2012 Sep 10.",Copyright,Auto-Approved,False,Not Found
NCT03000751,Tier 1 - CT.gov Reference,20175464,Unknown,Boone JM. Method for evaluating bow tie filter angle-dependent attenuation in CT: theory and simulation results. Med Phys. 2010 Jan;37(1):40-8. doi: 10.1118/1.3264616.,Copyright,Auto-Approved,False,Not Found
NCT03000751,Tier 1 - CT.gov Reference,19928086,Unknown,Boone JM. Dose spread functions in computed tomography: a Monte Carlo study. Med Phys. 2009 Oct;36(10):4547-54. doi: 10.1118/1.3223634.,Copyright,Auto-Approved,False,Not Found
NCT03000751,Tier 1 - CT.gov Reference,19175129,Unknown,"Huda W, Nickoloff EL, Boone JM. Overview of patient dosimetry in diagnostic radiology in the USA for the past 50 years. Med Phys. 2008 Dec;35(12):5713-28. doi: 10.1118/1.3013604.",Copyright,Auto-Approved,False,Not Found
NCT03000751,Tier 1 - CT.gov Reference,18242530,Unknown,"Boone JM, Brunberg JA. Computed tomography use in a tertiary care university hospital. J Am Coll Radiol. 2008 Feb;5(2):132-8. doi: 10.1016/j.jacr.2007.07.008.",Copyright,Auto-Approved,False,Not Found
NCT03000751,Tier 1 - CT.gov Reference,17057062,Unknown,"Boone JM. Multidetector CT: opportunities, challenges, and concerns associated with scanners with 64 or more detector rows. Radiology. 2006 Nov;241(2):334-7. doi: 10.1148/radiol.2412060169. No abstract available.",Copyright,Auto-Approved,False,Not Found
NCT03000751,Tier 1 - CT.gov Reference,16475776,Unknown,"Boone JM, Kwan AL, Seibert JA, Shah N, Lindfors KK, Nelson TR. Technique factors and their relationship to radiation dose in pendant geometry breast CT. Med Phys. 2005 Dec;32(12):3767-76. doi: 10.1118/1.2128126.",Copyright,Auto-Approved,False,Not Found
NCT03000751,Tier 1 - CT.gov Reference,17368219,Unknown,"Schindera ST, Nelson RC, Lee ER, Delong DM, Ngyen G, Toncheva G, Yoshizumi TT. Abdominal multislice CT for obese patients: effect on image quality and radiation dose in a phantom study. Acad Radiol. 2007 Apr;14(4):486-94. doi: 10.1016/j.acra.2007.01.030.",Copyright,Auto-Approved,False,Not Found
NCT03000751,Tier 1 - CT.gov Reference,18212190,Unknown,"Schindera ST, Nelson RC, Toth TL, Nguyen GT, Toncheva GI, DeLong DM, Yoshizumi TT. Effect of patient size on radiation dose for abdominal MDCT with automatic tube current modulation: phantom study. AJR Am J Roentgenol. 2008 Feb;190(2):W100-5. doi: 10.2214/AJR.07.2891.",Copyright,Auto-Approved,False,Not Found
NCT03000751,Tier 1 - CT.gov Reference,19002059,Unknown,"Szucs-Farkas Z, Kurmann L, Strautz T, Patak MA, Vock P, Schindera ST. Patient exposure and image quality of low-dose pulmonary computed tomography angiography: comparison of 100- and 80-kVp protocols. Invest Radiol. 2008 Dec;43(12):871-6. doi: 10.1097/RLI.0b013e3181875e86.",Copyright,Auto-Approved,False,Not Found
NCT03000751,Tier 1 - CT.gov Reference,19409820,Unknown,"Schindera ST, Nelson RC, Yoshizumi T, Toncheva G, Nguyen G, DeLong DM, Szucs-Farkas Z. Effect of automatic tube current modulation on radiation dose and image quality for low tube voltage multidetector row CT angiography: phantom study. Acad Radiol. 2009 Aug;16(8):997-1002. doi: 10.1016/j.acra.2009.02.021. Epub 2009 May 5.",Copyright,Auto-Approved,False,Not Found
NCT03000751,Tier 1 - CT.gov Reference,19884825,Unknown,"Szucs-Farkas Z, Schaller C, Bensler S, Patak MA, Vock P, Schindera ST. Detection of pulmonary emboli with CT angiography at reduced radiation exposure and contrast material volume: comparison of 80 kVp and 120 kVp protocols in a matched cohort. Invest Radiol. 2009 Dec;44(12):793-9. doi: 10.1097/RLI.0b013e3181bfe230.",Copyright,Auto-Approved,False,Not Found
NCT03000751,Tier 1 - CT.gov Reference,19333605,Unknown,"Szucs-Farkas Z, Strautz T, Patak MA, Kurmann L, Vock P, Schindera ST. Is body weight the most appropriate criterion to select patients eligible for low-dose pulmonary CT angiography? Analysis of objective and subjective image quality at 80 kVp in 100 patients. Eur Radiol. 2009 Aug;19(8):1914-22. doi: 10.1007/s00330-009-1385-7. Epub 2009 Mar 31.",Copyright,Auto-Approved,False,Not Found
NCT03000751,Tier 1 - CT.gov Reference,20032149,Unknown,"Marin D, Nelson RC, Schindera ST, Richard S, Youngblood RS, Yoshizumi TT, Samei E. Low-tube-voltage, high-tube-current multidetector abdominal CT: improved image quality and decreased radiation dose with adaptive statistical iterative reconstruction algorithm--initial clinical experience. Radiology. 2010 Jan;254(1):145-53. doi: 10.1148/radiol.09090094.",Copyright,Auto-Approved,False,Not Found
NCT03000751,Tier 1 - CT.gov Reference,20844858,Unknown,"Schindera ST, Nauer C, Treier R, Trueb P, von Allmen G, Vock P, Szucs-Farkas Z. [Strategies for reducing the CT radiation dose]. Radiologe. 2010 Dec;50(12):1120, 1122-7. doi: 10.1007/s00117-010-2053-2. German.",Copyright,Auto-Approved,False,Not Found
NCT03000751,Tier 1 - CT.gov Reference,21556911,Unknown,"Marin D, Nelson RC, Guerrisi A, Barnhart H, Schindera ST, Passariello R, Catalano C. 64-section multidetector CT of the upper abdomen: optimization of a saline chaser injection protocol for improved vascular and parenchymal contrast enhancement. Eur Radiol. 2011 Sep;21(9):1938-47. doi: 10.1007/s00330-011-2139-x. Epub 2011 May 11.",Copyright,Auto-Approved,False,Not Found
NCT03000751,Tier 1 - CT.gov Reference,21701008,Unknown,"Marin D, Nelson RC, Rubin GD, Schindera ST. Body CT: technical advances for improving safety. AJR Am J Roentgenol. 2011 Jul;197(1):33-41. doi: 10.2214/AJR.11.6755.",Copyright,Auto-Approved,False,Not Found
NCT03000751,Tier 1 - CT.gov Reference,21493795,Unknown,"Schindera ST, Diedrichsen L, Muller HC, Rusch O, Marin D, Schmidt B, Raupach R, Vock P, Szucs-Farkas Z. Iterative reconstruction algorithm for abdominal multidetector CT at different tube voltages: assessment of diagnostic accuracy, image quality, and radiation dose in a phantom study. Radiology. 2011 Aug;260(2):454-62. doi: 10.1148/radiol.11102217. Epub 2011 Apr 14.",Copyright,Auto-Approved,False,Not Found
NCT03000751,Tier 1 - CT.gov Reference,22021532,Unknown,"Szucs-Farkas Z, Schibler F, Cullmann J, Torrente JC, Patak MA, Raible S, Hoppe H, Wyttenbach R, Vock P, Schindera ST. Diagnostic accuracy of pulmonary CT angiography at low tube voltage: intraindividual comparison of a normal-dose protocol at 120 kVp and a low-dose protocol at 80 kVp using reduced amount of contrast medium in a simulation study. AJR Am J Roentgenol. 2011 Nov;197(5):W852-9. doi: 10.2214/AJR.11.6750.",Copyright,Auto-Approved,False,Not Found
NCT03000751,Tier 1 - CT.gov Reference,23788715,Unknown,"Schindera ST, Odedra D, Raza SA, Kim TK, Jang HJ, Szucs-Farkas Z, Rogalla P. Iterative reconstruction algorithm for CT: can radiation dose be decreased while low-contrast detectability is preserved? Radiology. 2013 Nov;269(2):511-8. doi: 10.1148/radiol.13122349. Epub 2013 Jun 20.",Copyright,Auto-Approved,False,Not Found
NCT03000751,Tier 1 - CT.gov Reference,18270712,Unknown,"Loupatatzis C, Schindera S, Gralla J, Hoppe H, Bittner J, Schroder R, Srivastav S, Bonel HM. Whole-body computed tomography for multiple traumas using a triphasic injection protocol. Eur Radiol. 2008 Jun;18(6):1206-14. doi: 10.1007/s00330-008-0875-3. Epub 2008 Feb 13.",Copyright,Auto-Approved,False,Not Found
NCT03000751,Tier 1 - CT.gov Reference,10749003,Unknown,"Solberg LI, Brekke ML, Fazio CJ, Fowles J, Jacobsen DN, Kottke TE, Mosser G, O'Connor PJ, Ohnsorg KA, Rolnick SJ. Lessons from experienced guideline implementers: attend to many factors and use multiple strategies. Jt Comm J Qual Improv. 2000 Apr;26(4):171-88. doi: 10.1016/s1070-3241(00)26013-6.",Copyright,Auto-Approved,False,Not Found
NCT03000751,Tier 1 - CT.gov Reference,11182966,Unknown,"Solberg LI, Kottke TE, Brekke ML, Magnan S. Improving prevention is difficult. Eff Clin Pract. 2000 May-Jun;3(3):153-5. No abstract available.",Copyright,Auto-Approved,False,Not Found
NCT03000751,Tier 1 - CT.gov Reference,14738032,Unknown,"Solberg LI, Hroscikoski MC, Sperl-Hillen JM, O'Connor PJ, Crabtree BF. Key issues in transforming health care organizations for quality: the case of advanced access. Jt Comm J Qual Saf. 2004 Jan;30(1):15-24. doi: 10.1016/s1549-3741(04)30002-x.",Copyright,Auto-Approved,False,Not Found
NCT03000751,Tier 1 - CT.gov Reference,16868235,Unknown,"Hroscikoski MC, Solberg LI, Sperl-Hillen JM, Harper PG, McGrail MP, Crabtree BF. Challenges of change: a qualitative study of chronic care model implementation. Ann Fam Med. 2006 Jul-Aug;4(4):317-26. doi: 10.1370/afm.570.",Copyright,Auto-Approved,False,Not Found
NCT03000751,Tier 1 - CT.gov Reference,16868234,Unknown,"Solberg LI, Crain AL, Sperl-Hillen JM, Hroscikoski MC, Engebretson KI, O'Connor PJ. Care quality and implementation of the chronic care model: a quantitative study. Ann Fam Med. 2006 Jul-Aug;4(4):310-6. doi: 10.1370/afm.571.",Copyright,Auto-Approved,False,Not Found
NCT03000751,Tier 1 - CT.gov Reference,16973947,Unknown,"Solberg LI, Engebretson KI, Sperl-Hillen JM, O'Connor PJ, Hroscikoski MC, Crain AL. Ambulatory care quality measures for the 6 aims from administrative data. Am J Med Qual. 2006 Sep-Oct;21(5):310-6. doi: 10.1177/1062860606289071.",Copyright,Auto-Approved,False,Not Found
NCT03000751,Tier 1 - CT.gov Reference,17170633,Unknown,"Solberg LI, Taylor N, Conway WA, Hiatt RA. Large multispecialty group practices and quality improvement: what is needed to transform care? J Ambul Care Manage. 2007 Jan-Mar;30(1):9-17; discussion 18-20. doi: 10.1097/00004479-200701000-00003.",Copyright,Auto-Approved,False,Not Found
NCT03000751,Tier 1 - CT.gov Reference,21520838,Unknown,"Huda W, Magill D, He W. CT effective dose per dose length product using ICRP 103 weighting factors. Med Phys. 2011 Mar;38(3):1261-5. doi: 10.1118/1.3544350.",Copyright,Auto-Approved,False,Not Found
NCT03000751,Tier 1 - CT.gov Reference,18082557,Unknown,The 2007 Recommendations of the International Commission on Radiological Protection. ICRP publication 103. Ann ICRP. 2007;37(2-4):1-332. doi: 10.1016/j.icrp.2007.10.003.,Copyright,Auto-Approved,False,Not Found
NCT03000751,Tier 1 - CT.gov Reference,7616636,Unknown,Land CE. Studies of cancer and radiation dose among atomic bomb survivors. The example of breast cancer. JAMA. 1995 Aug 2;274(5):402-7.,Copyright,Auto-Approved,False,Not Found
NCT03000751,Tier 1 - CT.gov Reference,19083224,Unknown,"Linet MS, Kim KP, Rajaraman P. Children's exposure to diagnostic medical radiation and cancer risk: epidemiologic and dosimetric considerations. Pediatr Radiol. 2009 Feb;39 Suppl 1(Suppl 1):S4-26. doi: 10.1007/s00247-008-1026-3. Epub 2008 Dec 16.",Copyright,Auto-Approved,False,Not Found
NCT03000751,Tier 1 - CT.gov Reference,11159059,Unknown,"Brenner D, Elliston C, Hall E, Berdon W. Estimated risks of radiation-induced fatal cancer from pediatric CT. AJR Am J Roentgenol. 2001 Feb;176(2):289-96. doi: 10.2214/ajr.176.2.1760289.",Copyright,Auto-Approved,False,Not Found
NCT03000751,Tier 1 - CT.gov Reference,11793002,Unknown,Feigal DW Jr. FDA public health notification: reducing radiation risk from computed tomography for pediatric and small adult patients. Int J Trauma Nurs. 2002 Jan-Mar;8(1):1-2. doi: 10.1067/mtn.2002.121511. No abstract available.,Copyright,Auto-Approved,False,Not Found
NCT03000751,Tier 1 - CT.gov Reference,18046031,Unknown,"Brenner DJ, Hall EJ. Computed tomography--an increasing source of radiation exposure. N Engl J Med. 2007 Nov 29;357(22):2277-84. doi: 10.1056/NEJMra072149. No abstract available.",Copyright,Auto-Approved,False,Not Found
NCT03000751,Tier 1 - CT.gov Reference,25032334,Unknown,National Research Council (US) Committee on the Biological Effects of Ionizing Radiation (BEIR V). Health Effects of Exposure to Low Levels of Ionizing Radiation: Beir V. Washington (DC): National Academies Press (US); 1990. Available from http://www.ncbi.nlm.nih.gov/books/NBK218704/,Copyright,Auto-Approved,False,Not Found
NCT03000751,Tier 1 - CT.gov Reference,11159060,Unknown,"Paterson A, Frush DP, Donnelly LF. Helical CT of the body: are settings adjusted for pediatric patients? AJR Am J Roentgenol. 2001 Feb;176(2):297-301. doi: 10.2214/ajr.176.2.1760297.",Copyright,Auto-Approved,False,Not Found
NCT03000751,Tier 1 - CT.gov Reference,10983293,Unknown,Solberg LI. Guideline implementation: what the literature doesn't tell us. Jt Comm J Qual Improv. 2000 Sep;26(9):525-37. doi: 10.1016/s1070-3241(00)26044-6.,Copyright,Auto-Approved,False,Not Found
NCT03000751,Tier 1 - CT.gov Reference,17077251,Unknown,"Chaillet N, Dube E, Dugas M, Audibert F, Tourigny C, Fraser WD, Dumont A. Evidence-based strategies for implementing guidelines in obstetrics: a systematic review. Obstet Gynecol. 2006 Nov;108(5):1234-45. doi: 10.1097/01.AOG.0000236434.74160.8b.",Copyright,Auto-Approved,False,Not Found
NCT03000751,Tier 1 - CT.gov Reference,17142594,Unknown,"Jamtvedt G, Young JM, Kristoffersen DT, O'Brien MA, Oxman AD. Does telling people what they have been doing change what they do? A systematic review of the effects of audit and feedback. Qual Saf Health Care. 2006 Dec;15(6):433-6. doi: 10.1136/qshc.2006.018549.",Copyright,Auto-Approved,False,Not Found
NCT03000751,Tier 1 - CT.gov Reference,16868301,Unknown,"Shojania KG, Ranji SR, McDonald KM, Grimshaw JM, Sundaram V, Rushakoff RJ, Owens DK. Effects of quality improvement strategies for type 2 diabetes on glycemic control: a meta-regression analysis. JAMA. 2006 Jul 26;296(4):427-40. doi: 10.1001/jama.296.4.427.",Copyright,Auto-Approved,False,Not Found
NCT03000751,Tier 1 - CT.gov Reference,19018923,Unknown,"Prior M, Guerin M, Grimmer-Somers K. The effectiveness of clinical guideline implementation strategies--a synthesis of systematic review findings. J Eval Clin Pract. 2008 Oct;14(5):888-97. doi: 10.1111/j.1365-2753.2008.01014.x.",Copyright,Auto-Approved,False,Not Found
NCT03000751,Tier 1 - CT.gov Reference,19194332,Unknown,Hysong SJ. Meta-analysis: audit and feedback features impact effectiveness on care quality. Med Care. 2009 Mar;47(3):356-63. doi: 10.1097/MLR.0b013e3181893f6b.,Copyright,Auto-Approved,False,Not Found
NCT03000751,Tier 1 - CT.gov Reference,16637955,Unknown,"Grimshaw J, Eccles M, Thomas R, MacLennan G, Ramsay C, Fraser C, Vale L. Toward evidence-based quality improvement. Evidence (and its limitations) of the effectiveness of guideline dissemination and implementation strategies 1966-1998. J Gen Intern Med. 2006 Feb;21 Suppl 2(Suppl 2):S14-20. doi: 10.1111/j.1525-1497.2006.00357.x.",Copyright,Auto-Approved,False,Not Found
NCT03000751,Tier 1 - CT.gov Reference,17092344,Unknown,"Brown CA, Lilford RJ. The stepped wedge trial design: a systematic review. BMC Med Res Methodol. 2006 Nov 8;6:54. doi: 10.1186/1471-2288-6-54.",cc by,Auto-Approved,True,Data/Clinical Trials Manuscripts/2026-04-17_NCT03000751_125_Tier1.pdf
NCT03000751,Tier 1 - CT.gov Reference,11992299,Unknown,"Stone EG, Morton SC, Hulscher ME, Maglione MA, Roth EA, Grimshaw JM, Mittman BS, Rubenstein LV, Rubenstein LZ, Shekelle PG. Interventions that increase use of adult immunization and cancer screening services: a meta-analysis. Ann Intern Med. 2002 May 7;136(9):641-51. doi: 10.7326/0003-4819-136-9-200205070-00006.",Copyright,Auto-Approved,False,Not Found
NCT03000751,Tier 1 - CT.gov Reference,12760942,Unknown,"Leconte I, Feger C, Galant C, Berliere M, Berg BV, D'Hoore W, Maldague B. Mammography and subsequent whole-breast sonography of nonpalpable breast cancers: the importance of radiologic breast density. AJR Am J Roentgenol. 2003 Jun;180(6):1675-9. doi: 10.2214/ajr.180.6.1801675.",Copyright,Auto-Approved,False,Not Found
NCT03000751,Tier 1 - CT.gov Reference,15054030,Unknown,"Greevy R, Lu B, Silber JH, Rosenbaum P. Optimal multivariate matching before randomization. Biostatistics. 2004 Apr;5(2):263-75. doi: 10.1093/biostatistics/5.2.263.",Copyright,Auto-Approved,False,Not Found
NCT03000751,Tier 1 - CT.gov Reference,22552990,Unknown,"Greevy RA Jr, Grijalva CG, Roumie CL, Beck C, Hung AM, Murff HJ, Liu X, Griffin MR. Reweighted Mahalanobis distance matching for cluster-randomized trials with missing data. Pharmacoepidemiol Drug Saf. 2012 May;21 Suppl 2(0 2):148-54. doi: 10.1002/pds.3260.",Copyright,Auto-Approved,False,Not Found
NCT03000751,Tier 1 - CT.gov Reference,32227142,Unknown,"Smith-Bindman R, Chu P, Wang Y, Chung R, Lopez-Solano N, Einstein AJ, Solberg L, Cervantes LF, Yellen-Nelson T, Boswell W, Delman BN, Duong PA, Goode AR, Kasraie N, Lee RK, Neill R, Pahwa A, Pike P, Roehm J, Schindera S, Starkey J, Suntharalingam S, Jeukens CRLPN, Miglioretti DL. Comparison of the Effectiveness of Single-Component and Multicomponent Interventions for Reducing Radiation Doses in Patients Undergoing Computed Tomography: A Randomized Clinical Trial. JAMA Intern Med. 2020 May 1;180(5):666-675. doi: 10.1001/jamainternmed.2020.0064.",Copyright,Auto-Approved,False,Not Found
NCT03000751,Tier 1 - CT.gov Reference,30602590,Unknown,"Smith-Bindman R, Wang Y, Chu P, Chung R, Einstein AJ, Balcombe J, Cocker M, Das M, Delman BN, Flynn M, Gould R, Lee RK, Nelson TR, Schindera S, Seibert A, Starkey J, Suntharalingam S, Wetter A, Wildberger JE, Miglioretti DL. International variation in radiation dose for computed tomography examinations: prospective cohort study. BMJ. 2019 Jan 2;364:k4931. doi: 10.1136/bmj.k4931.",cc by-nc,Auto-Approved,False,Not Found
NCT05794997,Tier 2 - ML Approx (Score: 5),41950162,10.1371/journal.pone.0344620,Cumulative excess weight exposure over time and cardiovascular risk: A prospective cohort study.,cc by,Auto-Approved,True,Data/Clinical Trials Manuscripts/2026-04-17_NCT05794997_05_Tier2.pdf
NCT04969653,Tier 1 - CT.gov Reference,37418627,Unknown,"Warren RB, Basey V, Lynam A, Curtis C, Ardern-Jones MR. The risk of venous thromboembolism in atopic dermatitis: a matched cohort analysis in UK primary care. Br J Dermatol. 2023 Sep 15;189(4):427-436. doi: 10.1093/bjd/ljad212.",cc by,Auto-Approved,False,Download Failed
NCT05768945,Tier 2 - ML Approx (Score: 5),41680689,10.1186/s12889-026-26596-x,Current status of public education on endocrine and metabolic diseases carried out by academic journals' WeChat official accounts: a retrospective study.,cc by-nc-nd,Auto-Approved,True,Data/Clinical Trials Manuscripts/2026-04-17_NCT05768945_02_Tier2.pdf
NCT05768945,Tier 2 - ML Approx (Score: 5),41966075,10.1515/jpem-2025-0587,Endocrine and metabolic features of &lt;i&gt;PTEN&lt;/i&gt; hamartoma tumor syndrome in childhood: a pediatric case series.,Copyright,Auto-Approved,False,Not Found
NCT05768945,Tier 2 - ML Approx (Score: 5),41636640,10.1093/ejendo/lvag010,Endocrine and metabolic late effects in childhood cancer survivors in Germany: the VersKiK study.,cc by,Auto-Approved,False,Not Found
NCT05162014,Tier 2 - ML Approx (Score: 5),41680689,10.1186/s12889-026-26596-x,Current status of public education on endocrine and metabolic diseases carried out by academic journals' WeChat official accounts: a retrospective study.,cc by-nc-nd,Auto-Approved,True,Data/Clinical Trials Manuscripts/2026-04-17_NCT05162014_02_Tier2.pdf
NCT05162014,Tier 2 - ML Approx (Score: 5),41966075,10.1515/jpem-2025-0587,Endocrine and metabolic features of &lt;i&gt;PTEN&lt;/i&gt; hamartoma tumor syndrome in childhood: a pediatric case series.,Copyright,Auto-Approved,False,Not Found
NCT05162014,Tier 2 - ML Approx (Score: 5),41636640,10.1093/ejendo/lvag010,Endocrine and metabolic late effects in childhood cancer survivors in Germany: the VersKiK study.,cc by,Auto-Approved,False,Not Found
NCT04110314,Tier 1 - CT.gov Reference,34472020,Unknown,"Szilagyi PG, Albertin CS, Casillas A, Valderrama R, Duru OK, Ong MK, Vangala S, Tseng CH, Humiston SG, Evans S, Sloyan M, Bogard JE, Fox CR, Lerner C. Effect of Personalized Messages Sent by a Health System's Patient Portal on Influenza Vaccination Rates: a Randomized Clinical Trial. J Gen Intern Med. 2022 Feb;37(3):615-623. doi: 10.1007/s11606-021-07023-w. Epub 2021 Sep 1.",cc by,Auto-Approved,True,Data/Clinical Trials Manuscripts/2026-04-17_NCT04110314_01_Tier1.pdf
NCT04110314,Tier 1 - CT.gov Reference,34321338,Unknown,"Lerner C, Albertin C, Casillas A, Duru OK, Ong MK, Vangala S, Humiston S, Evans S, Sloyan M, Fox CR, Bogard JE, Friedman S, Szilagyi PG. Patient Portal Reminders for Pediatric Influenza Vaccinations: A Randomized Clinical Trial. Pediatrics. 2021 Aug;148(2):e2020048413. doi: 10.1542/peds.2020-048413.",Copyright,Auto-Approved,False,Not Found
NCT03335800,Tier 1 - CT.gov Reference,40673279,Unknown,"Nguyen KT, Yu J, Hedlin H, Phillips AT, Desai S, Cheung L, Kowey PR, Jain SS, Rumsfeld JS, Russo AM, Granger CB, Hills MT, Desai M, Mahaffey KW, Turakhia MP, Perez MV. Racial and Ethnic Representation and Study Engagement in a Siteless Digital Clinical Trial Using a Smartwatch: Findings From the Apple Heart Study. Mayo Clin Proc Digit Health. 2025 Jun 3;3(3):100232. doi: 10.1016/j.mcpdig.2025.100232. eCollection 2025 Sep.",cc by-nc-nd,Auto-Approved,True,Data/Clinical Trials Manuscripts/2026-04-17_NCT03335800_01_Tier1.pdf
NCT03335800,Tier 1 - CT.gov Reference,35695137,Unknown,"Garcia A, Balasubramanian V, Lee J, Gardner R, Gummidipundi S, Hung G, Ferris T, Cheung L, Granger C, Kowey P, Rumsfeld J, Russo A, Hills MT, Talati N, Nag D, Stein J, Tsay D, Desai S, Mahaffey K, Turakhia M, Perez M, Hedlin H, Desai M. Lessons learned in the Apple Heart Study and implications for the data management of future digital clinical trials. J Biopharm Stat. 2022 May 4;32(3):496-510. doi: 10.1080/10543406.2022.2080698. Epub 2022 Jun 12.",cc by-nc-nd,Auto-Approved,False,Download Failed
NCT03335800,Tier 1 - CT.gov Reference,31722151,Unknown,"Perez MV, Mahaffey KW, Hedlin H, Rumsfeld JS, Garcia A, Ferris T, Balasubramanian V, Russo AM, Rajmane A, Cheung L, Hung G, Lee J, Kowey P, Talati N, Nag D, Gummidipundi SE, Beatty A, Hills MT, Desai S, Granger CB, Desai M, Turakhia MP; Apple Heart Study Investigators. Large-Scale Assessment of a Smartwatch to Identify Atrial Fibrillation. N Engl J Med. 2019 Nov 14;381(20):1909-1917. doi: 10.1056/NEJMoa1901183.",Copyright,Auto-Approved,False,Not Found
NCT03335800,Tier 1 - CT.gov Reference,30392584,Unknown,"Turakhia MP, Desai M, Hedlin H, Rajmane A, Talati N, Ferris T, Desai S, Nag D, Patel M, Kowey P, Rumsfeld JS, Russo AM, Hills MT, Granger CB, Mahaffey KW, Perez MV. Rationale and design of a large-scale, app-based study to identify cardiac arrhythmias using a smartwatch: The Apple Heart Study. Am Heart J. 2019 Jan;207:66-75. doi: 10.1016/j.ahj.2018.09.002. Epub 2018 Sep 8.",cc by-nc-nd,Auto-Approved,False,Download Failed
NCT05214573,Tier 1 - CT.gov Reference,39729347,Unknown,"Neumiller JJ, Herrin J, Swarna KS, Polley EC, Galindo RJ, Umpierrez GE, Deng Y, Ross JS, Mickelson MM, McCoy RG. Kidney Outcomes with Glucagon-Like Peptide-1 Receptor Agonists, Sodium-Glucose Cotransporter 2 Inhibitors, Dipeptidyl Peptidase-4 Inhibitors, and Sulfonylureas in Type 2 Diabetes and Moderate Cardiovascular Risk. Clin J Am Soc Nephrol. 2024 Oct 8;20(2):206-17. doi: 10.2215/CJN.0000000587. Online ahead of print.",Copyright,Auto-Approved,False,Not Found
NCT05214573,Tier 1 - CT.gov Reference,38846711,Unknown,"McCoy RG, Herrin J, Swarna KS, Deng Y, Kent DM, Ross JS, Umpierrez GE, Galindo RJ, Crown WH, Borah BJ, Montori VM, Brito JP, Neumiller JJ, Mickelson MM, Polley EC. Effectiveness of glucose-lowering medications on cardiovascular outcomes in patients with type 2 diabetes at moderate cardiovascular risk. Nat Cardiovasc Res. 2024 Apr;3(4):431-440. doi: 10.1038/s44161-024-00453-9. Epub 2024 Apr 3.",Copyright,Auto-Approved,False,Not Found
NCT04446039,Tier 2 - ML Approx (Score: 5),41960880,10.1111/1460-6984.70237,"""Disconnected From Everyone and Everything Around Them"": A Mixed Method Study to Explore the Perspectives of Children With Language Difficulties and Their Caregivers On Mental Health Concerns and Mental Health Support.",cc by,Auto-Approved,True,Data/Clinical Trials Manuscripts/2026-04-17_NCT04446039_01_Tier2.pdf
NCT04446039,Tier 2 - ML Approx (Score: 5),41860124,10.1111/ajr.70171,"Identifying the Mental Health Research Priorities in Rural Settings, With Implications for Coastal Communities: A Rapid Evidence Synthesis.",cc by,Auto-Approved,True,Data/Clinical Trials Manuscripts/2026-04-17_NCT04446039_02_Tier2.pdf
NCT04446039,Tier 2 - ML Approx (Score: 5),41990306,10.7189/jogh.16.04126,The impact of disasters on maternal mental health: a systematic review. ,Copyright,Auto-Approved,False,Not Found
NCT04446039,Tier 2 - ML Approx (Score: 5),Unknown,10.31234/osf.io/28guq_v1,"Beyond Average Effects: Youth Mental Health Profiles Before, During, and After the COVID-19 Pandemic",Copyright,Auto-Approved,False,Not Found
NCT03014167,Tier 1 - CT.gov Reference,40752908,Unknown,"Ajjampur SSR, Aruldas K, Asbjornsdottir KH, Avokpaho E, Bailey R, Cottrell G, Galagan SR, Halliday KE, Houngbegnon P, Ibikounle M, Israel GJ, Kaliappan SP, Kalua K, Legge H, Littlewood DTJ, Luty AJF, Manuel M, Massougbodji A, Means AR, Oswald WE, Pilotte N, Pullan R, Ramesh RM, Samikwa L, Simwanza J, Thomas KK, Williams SA, Witek-McManus S, Walson JL; DeWorm3 Trials Team. Feasibility of interrupting the transmission of soil-transmitted helminths: the DeWorm3 community cluster-randomised controlled trial in Benin, India, and Malawi. Lancet. 2025 Aug 2;406(10502):475-488. doi: 10.1016/S0140-6736(25)00766-4.",Copyright,Auto-Approved,False,Not Found
NCT03014167,Tier 1 - CT.gov Reference,39380086,Unknown,"Means AR, Asbjornsdottir KH, Sharrock KC, Galagan SR, Aruldas K, Avokpaho E, Chabi F, Halliday KE, Houngbegnon P, Israel GJ, Kaliappan SP, Kennedy D, Legge H, Oswald WE, Palanisamy G, Rogers E, Timothy J, Pearman E, Ramesh RM, Simwanza J, Sheik-Abdullah JF, Sheikh M, Togbevi CI, Witek-McManus S, Pullan RL, Bailey R, Kalua K, Ibikounle M, Luty AJF, Ajjampur SSR, Walson JL. Coverage of community-wide mass drug administration platforms for soil-transmitted helminths in Benin, India, and Malawi: findings from the DeWorm3 project. Infect Dis Poverty. 2024 Oct 8;13(1):72. doi: 10.1186/s40249-024-01241-0.",cc by,Auto-Approved,True,Data/Clinical Trials Manuscripts/2026-04-17_NCT03014167_02_Tier1.pdf
NCT03014167,Tier 1 - CT.gov Reference,39242171,Unknown,"Witek-McManus S, Simwanza J, Msiska R, Mangawah H, Oswald W, Timothy J, Galagan S, Pearman E, Shaikh M, Legge H, Walson J, Juziwelo L, Davey C, Pullan R, Bailey RL, Kalua K, Kuper H. Disability in childhood and the equity of health services: a cross-sectional comparison of mass drug administration strategies for soil-transmitted helminths in southern Malawi. BMJ Open. 2024 Sep 5;14(9):e083321. doi: 10.1136/bmjopen-2023-083321.",cc by,Auto-Approved,True,Data/Clinical Trials Manuscripts/2026-04-17_NCT03014167_03_Tier1.pdf
NCT03014167,Tier 1 - CT.gov Reference,38319937,Unknown,"Saxena M, Roll A, Walson JL, Pearman E, Legge H, Nindi P, Chirambo CM, Titus A, Johnson J, Belou EA, Togbevi CI, Chabi F, Avokpaho E, Kalua K, Ajjampur SSR, Ibikounle M, Aruldas K, Means AR. ""Our desire is to make this village intestinal worm free"": Identifying determinants of high coverage of community-wide mass drug administration for soil transmitted helminths in Benin, India, and Malawi. PLoS Negl Trop Dis. 2024 Feb 6;18(2):e0011819. doi: 10.1371/journal.pntd.0011819. eCollection 2024 Feb.",cc by,Auto-Approved,True,Data/Clinical Trials Manuscripts/2026-04-17_NCT03014167_04_Tier1.pdf
NCT03014167,Tier 1 - CT.gov Reference,38175837,Unknown,"Kazura E, Johnson J, Morozoff C, Aruldas K, Avokpaho E, Togbevi CI, Chabi F, Gwayi-Chore MC, Nindi P, Titus A, Houngbegnon P, Kaliappan SP, Jacob Y, Simwanza J, Kalua K, Walson JL, Ibikounle M, Ajjampur SSR, Means AR. Identifying opportunities to optimize mass drug administration for soil-transmitted helminths: A visualization and descriptive analysis using process mapping. PLoS Negl Trop Dis. 2024 Jan 4;18(1):e0011772. doi: 10.1371/journal.pntd.0011772. eCollection 2024 Jan.",cc by,Auto-Approved,True,Data/Clinical Trials Manuscripts/2026-04-17_NCT03014167_05_Tier1.pdf
NCT03014167,Tier 1 - CT.gov Reference,37899143,Unknown,"Ramesh RM, Oswald WE, Israel GJ, Aruldas K, Galagan S, Legge H, Puthupalayam Kaliappan S, Walson J, Halliday KE, Ajjampur SSR. Representativeness of a mobile phone-based coverage evaluation survey following mass drug administration for soil-transmitted helminths: a comparison of participation between two cross-sectional surveys. BMJ Open. 2023 Oct 29;13(10):e070077. doi: 10.1136/bmjopen-2022-070077.",cc by,Auto-Approved,False,Download Failed
NCT03014167,Tier 1 - CT.gov Reference,37036890,Unknown,"Sheahan W, Anderson R, Aruldas K, Avokpaho E, Galagan S, Goodman J, Houngbegnon P, Israel GJ, Janagaraj V, Kaliappan SP, Means AR, Morozoff C, Pearman E, Ramesh RM, Roll A, Schaefer A, Simwanza J, Witek-McManus S, Ajjampur SSR, Bailey R, Ibikounle M, Kalua K, Luty AJF, Pullan R, Walson JL, Asbjornsdottir KH. Overestimation of school-based deworming coverage resulting from school-based reporting. PLoS Negl Trop Dis. 2023 Apr 10;17(4):e0010401. doi: 10.1371/journal.pntd.0010401. eCollection 2023 Apr.",cc by,Auto-Approved,True,Data/Clinical Trials Manuscripts/2026-04-17_NCT03014167_07_Tier1.pdf
NCT03014167,Tier 1 - CT.gov Reference,36917597,Unknown,"Aruldas K, Israel GJ, Johnson J, Titus A, Saxena M, Kaliappan SP, Ramesh RM, Walson JL, Means AR, Ajjampur SSR. Impact of adverse events during community-wide mass drug administration for soil-transmitted helminths on subsequent participation-a Theory of Planned Behaviour analysis. PLoS Negl Trop Dis. 2023 Mar 14;17(3):e0011148. doi: 10.1371/journal.pntd.0011148. eCollection 2023 Mar.",cc by,Auto-Approved,True,Data/Clinical Trials Manuscripts/2026-04-17_NCT03014167_08_Tier1.pdf
NCT03014167,Tier 1 - CT.gov Reference,36897877,Unknown,"Aruldas K, Dawson K, Saxena M, Titus A, Johnson J, Gwayi-Chore MC, Muliyil J, Kang G, Walson JL, Khera A, Ajjampur SSR, Means AR. Evaluation of opportunities to implement community-wide mass drug administration for interrupting transmission of soil-transmitted helminths infections in India. PLoS Negl Trop Dis. 2023 Mar 10;17(3):e0011176. doi: 10.1371/journal.pntd.0011176. eCollection 2023 Mar.",cc by,Auto-Approved,True,Data/Clinical Trials Manuscripts/2026-04-17_NCT03014167_09_Tier1.pdf
NCT03014167,Tier 1 - CT.gov Reference,36461087,Unknown,"Roll A, Saxena M, Orlan E, Titus A, Juvekar SK, Gwayi-Chore MC, Avokpaho E, Chabi F, Togbevi CI, Belou Elijan A, Nindi P, Walson JL, Ajjampur SSR, Ibikounle M, Kalua K, Aruldas K, Means AR. Policy stakeholder perspectives on barriers and facilitators to launching a community-wide mass drug administration program for soil-transmitted helminths. Glob Health Res Policy. 2022 Dec 2;7(1):47. doi: 10.1186/s41256-022-00281-z.",cc by,Auto-Approved,True,Data/Clinical Trials Manuscripts/2026-04-17_NCT03014167_10_Tier1.pdf
NCT03014167,Tier 1 - CT.gov Reference,35803632,Unknown,"Morozoff C, Avokpaho E, Puthupalayam Kaliappan S, Simwanza J, Gideon SP, Lungu W, Houngbegnon P, Galactionova K, Sahu M, Kalua K, Luty AJF, Ibikounle M, Bailey R, Pullan R, Ajjampur SSR, Walson J, Means AR. Costs of community-wide mass drug administration and school-based deworming for soil-transmitted helminths: evidence from a randomised controlled trial in Benin, India and Malawi. BMJ Open. 2022 Jul 8;12(7):e059565. doi: 10.1136/bmjopen-2021-059565.",cc by,Auto-Approved,True,Data/Clinical Trials Manuscripts/2026-04-17_NCT03014167_11_Tier1.pdf
NCT03014167,Tier 1 - CT.gov Reference,35701056,Unknown,"Avokpaho E, Lawrence S, Roll A, Titus A, Jacob Y, Puthupalayam Kaliappan S, Gwayi-Chore MC, Chabi F, Togbevi CI, Elijan AB, Nindi P, Walson JL, Ajjampur SSR, Ibikounle M, Kalua K, Aruldas K, Means AR. It depends on how you tell: a qualitative diagnostic analysis of the implementation climate for community-wide mass drug administration for soil-transmitted helminth. BMJ Open. 2022 Jun 14;12(6):e061682. doi: 10.1136/bmjopen-2022-061682.",cc by,Auto-Approved,True,Data/Clinical Trials Manuscripts/2026-04-17_NCT03014167_12_Tier1.pdf
NCT03014167,Tier 1 - CT.gov Reference,34403424,Unknown,"Avokpaho EFGA, Houngbegnon P, Accrombessi M, Atindegla E, Yard E, Rubin Means A, Kennedy DS, Littlewood DTJ, Garcia A, Massougbodji A, Galagan SR, Walson JL, Cottrell G, Ibikounle M, Asbjornsdottir KH, Luty AJF. Factors associated with soil-transmitted helminths infection in Benin: Findings from the DeWorm3 study. PLoS Negl Trop Dis. 2021 Aug 17;15(8):e0009646. doi: 10.1371/journal.pntd.0009646. eCollection 2021 Aug.",cc0,Auto-Approved,True,Data/Clinical Trials Manuscripts/2026-04-17_NCT03014167_13_Tier1.pdf
NCT03014167,Tier 1 - CT.gov Reference,34281614,Unknown,"Means AR, Orlan E, Gwayi-Chore MC, Titus A, Kaliappan SP, Togbevi CI, Chabi F, Halliday KE, Nindi P, Avokpaho E, Kalua K, Ibikounle M, Ajjampur SSR, Weiner BJ, Walson JL, Aruldas K. Structural readiness to implement community-wide mass drug administration programs for soil-transmitted helminth elimination: results from a three-country hybrid study. Implement Sci Commun. 2021 Jul 19;2(1):80. doi: 10.1186/s43058-021-00164-3.",cc by,Auto-Approved,True,Data/Clinical Trials Manuscripts/2026-04-17_NCT03014167_14_Tier1.pdf
NCT03014167,Tier 1 - CT.gov Reference,34226233,Unknown,"Galactionova K, Sahu M, Gideon SP, Puthupalayam Kaliappan S, Morozoff C, Ajjampur SSR, Walson J, Rubin Means A, Tediosi F. Costing interventions in the field: preliminary cost estimates and lessons learned from an evaluation of community-wide mass drug administration for elimination of soil-transmitted helminths in the DeWorm3 trial. BMJ Open. 2021 Jul 5;11(7):e049734. doi: 10.1136/bmjopen-2021-049734.",cc by,Auto-Approved,False,Download Failed
NCT03014167,Tier 1 - CT.gov Reference,33979325,Unknown,"Witek-McManus S, Simwanza J, Chisambi AB, Kepha S, Kamwendo Z, Mbwinja A, Samikwa L, Oswald WE, Kennedy DS, Timothy JWS, Legge H, Galagan SR, Emmanuel-Fabula M, Schaer F, Asbjornsdottir K, Halliday KE, Walson JL, Juziwelo L, Bailey RL, Kalua K, Pullan RL. Epidemiology of soil-transmitted helminths following sustained implementation of routine preventive chemotherapy: Demographics and baseline results of a cluster randomised trial in southern Malawi. PLoS Negl Trop Dis. 2021 May 12;15(5):e0009292. doi: 10.1371/journal.pntd.0009292. eCollection 2021 May.",cc by,Auto-Approved,True,Data/Clinical Trials Manuscripts/2026-04-17_NCT03014167_16_Tier1.pdf
NCT03014167,Tier 1 - CT.gov Reference,33930024,Unknown,"Ajjampur SSR, Kaliappan SP, Halliday KE, Palanisamy G, Farzana J, Manuel M, Abraham D, Laxmanan S, Aruldas K, Rose A, Kennedy DS, Oswald WE, Pullan RL, Galagan SR, Asbjornsdottir K, Anderson RM, Muliyil J, Sarkar R, Kang G, Walson JL. Epidemiology of soil transmitted helminths and risk analysis of hookworm infections in the community: Results from the DeWorm3 Trial in southern India. PLoS Negl Trop Dis. 2021 Apr 30;15(4):e0009338. doi: 10.1371/journal.pntd.0009338. eCollection 2021 Apr.",cc by,Auto-Approved,True,Data/Clinical Trials Manuscripts/2026-04-17_NCT03014167_17_Tier1.pdf
NCT03014167,Tier 1 - CT.gov Reference,33137100,Unknown,"DeWorm3 Trials Team. Baseline patterns of infection in regions of Benin, Malawi and India seeking to interrupt transmission of soil transmitted helminths (STH) in the DeWorm3 trial. PLoS Negl Trop Dis. 2020 Nov 2;14(11):e0008771. doi: 10.1371/journal.pntd.0008771. eCollection 2020 Nov.",cc by,Auto-Approved,True,Data/Clinical Trials Manuscripts/2026-04-17_NCT03014167_18_Tier1.pdf
NCT03014167,Tier 1 - CT.gov Reference,29346377,Unknown,"Asbjornsdottir KH, Ajjampur SSR, Anderson RM, Bailey R, Gardiner I, Halliday KE, Ibikounle M, Kalua K, Kang G, Littlewood DTJ, Luty AJF, Means AR, Oswald W, Pullan RL, Sarkar R, Schar F, Szpiro A, Truscott JE, Werkman M, Yard E, Walson JL; DeWorm3 Trials Team. Assessing the feasibility of interrupting the transmission of soil-transmitted helminths through mass drug administration: The DeWorm3 cluster randomized trial protocol. PLoS Negl Trop Dis. 2018 Jan 18;12(1):e0006166. doi: 10.1371/journal.pntd.0006166. eCollection 2018 Jan.",cc by,Auto-Approved,True,Data/Clinical Trials Manuscripts/2026-04-17_NCT03014167_19_Tier1.pdf
NCT05256797,Tier 2 - ML Approx (Score: 5),41950162,10.1371/journal.pone.0344620,Cumulative excess weight exposure over time and cardiovascular risk: A prospective cohort study.,cc by,Auto-Approved,True,Data/Clinical Trials Manuscripts/2026-04-17_NCT05256797_05_Tier2.pdf
NCT03140423,Tier 1 - CT.gov Reference,37815567,Unknown,"Huang SS, Septimus EJ, Kleinman K, Heim LT, Moody JA, Avery TR, McLean L, Rashid S, Haffenreffer K, Shimelman L, Staub-Juergens W, Spencer-Smith C, Sljivo S, Rosen E, Poland RE, Coady MH, Lee CH, Blanchard EJ, Reddish K, Hayden MK, Weinstein RA, Carver B, Smith K, Hickok J, Lolans K, Khan N, Sturdevant SG, Reddy SC, Jernigan JA, Sands KE, Perlin JB, Platt R. Nasal Iodophor Antiseptic vs Nasal Mupirocin Antibiotic in the Setting of Chlorhexidine Bathing to Prevent Infections in Adult ICUs: A Randomized Clinical Trial. JAMA. 2023 Oct 10;330(14):1337-1347. doi: 10.1001/jama.2023.17219.",Copyright,Auto-Approved,False,Not Found
NCT05794191,Tier 2 - ML Approx (Score: 5),41961444,10.1007/s40121-026-01312-9,"Burden of Respiratory Syncytial Virus in Older ADults in Nagasaki, Japan (Nagasaki ROAD): Preliminary Results (April 2024-March 2025) of a Prospective, Multicenter, Epidemiological Study.",Copyright,Auto-Approved,False,Not Found
NCT05794191,Tier 2 - ML Approx (Score: 5),41947127,10.1186/s12938-026-01562-1,A randomised controlled study of the efficacy of Internet of Things-based telerespiratory rehabilitation for chronic respiratory diseases.,Copyright,Auto-Approved,False,Not Found
NCT05794191,Tier 2 - ML Approx (Score: 5),41932814,10.1136/bmjresp-2025-003571,Associations between respiratory diseases and lung cancer risk: a secondary analysis of the large-scale prospective UK biobank cohort.,cc by-nc,Auto-Approved,True,Data/Clinical Trials Manuscripts/2026-04-17_NCT05794191_03_Tier2.pdf
NCT05794191,Tier 2 - ML Approx (Score: 5),41988394,10.1002/hsr2.71925,The Effects of Corrective Exercises and Respiratory Biofeedback on the Kyphosis Angle and Electrical Activity of Trapezius Muscles in Male Adolescents With Kyphosis: A Randomized Controlled Trial.,Copyright,Auto-Approved,False,Not Found
NCT05027464,Tier 1 - CT.gov Reference,37652356,Unknown,"Pyne JM, Seal KH, Manuel JK, DeRonne B, Oliver KA, Bertenthal D, Esserman D, Purcell N, Petrakis BA, Elwy AR. Developing and testing a COVID-19 vaccination acceptance intervention: A pragmatic trial comparing vaccine acceptance intervention vs usual care - Rationale, methods, and implementation. Contemp Clin Trials. 2023 Oct;133:107325. doi: 10.1016/j.cct.2023.107325. Epub 2023 Aug 29.",Copyright,Auto-Approved,False,Not Found
NCT05027464,Tier 1 - CT.gov Reference,35852805,Unknown,"Seal KH, Bertenthal D, Manuel JK, Pyne JM. Association of Demographic, Clinical, and Social Determinants of Health With COVID-19 Vaccination Booster Dose Completion Among US Veterans. JAMA Netw Open. 2022 Jul 1;5(7):e2222635. doi: 10.1001/jamanetworkopen.2022.22635.",cc by,Auto-Approved,False,Not Found
NCT05027464,Tier 1 - CT.gov Reference,41680545,Unknown,"Seal KH, Kaplan A, Manuel JK, Bertenthal D, Purcell N, DeRonne BM, Oliver KA, Esserman D, McCamish N, Mesidor M, Griffin B, Borsari B, Woodruff NA, Usman H, Pyne JM. A Cluster Randomized Trial of a Vaccination Communication Educational Intervention: Impact on COVID-19 Vaccine Uptake in Veterans. J Gen Intern Med. 2026 Feb 12. doi: 10.1007/s11606-026-10209-9. Online ahead of print.",Copyright,Auto-Approved,False,Not Found
NCT03817463,Tier 1 - CT.gov Reference,36097728,Unknown,"Nystrom T, Toresson Grip E, Gunnarsson J, Casajust P, Karlsdotter K, Skogsberg J, Ustyugova A; EMPRISE Study Group. Empagliflozin reduces cardiorenal events, healthcare resource use and mortality in Sweden compared to dipeptidyl peptidase-4 inhibitors: Real world evidence from the Nordic EMPRISE study. Diabetes Obes Metab. 2023 Jan;25(1):261-271. doi: 10.1111/dom.14870. Epub 2022 Oct 10.",cc by-nc,Auto-Approved,True,Data/Clinical Trials Manuscripts/2026-04-17_NCT03817463_01_Tier1.pdf
